Sweep #,Time,Chan 101 (C),Chan 102 (C),Chan 103 (C),Chan 104 (C),Chan 105 (C),Chan 106 (C),Chan 107 (C),Chan 108 (C),Chan 109 (C)
1,06/01/2025 09:02:59.360,+2.42945461E+01,+2.34542105E+01,+2.58774368E+01,+2.51975363E+01,+2.80727809E+01,+2.50374287E+01,+2.30907333E+01,+2.66029539E+01,+2.36804018E+01
2,06/01/2025 09:03:59.326,+2.36336190E+01,+2.33260505E+01,+2.58362258E+01,+2.52534987E+01,+2.82373246E+01,+2.52597620E+01,+2.31306773E+01,+2.65662751E+01,+2.36661769E+01
3,06/01/2025 09:04:59.326,+2.37682329E+01,+2.34267205E+01,+2.59594078E+01,+2.53292608E+01,+2.82870071E+01,+2.50149507E+01,+2.32201977E+01,+2.66744118E+01,+2.38363978E+01
4,06/01/2025 09:05:59.326,+2.38036250E+01,+2.36021299E+01,+2.62161362E+01,+2.54165462E+01,+2.84268986E+01,+2.54164878E+01,+2.33466649E+01,+2.67448032E+01,+2.39833336E+01
5,06/01/2025 09:06:59.326,+2.35680477E+01,+2.36912559E+01,+2.62385625E+01,+2.54299669E+01,+2.84565203E+01,+2.52505795E+01,+2.33140640E+01,+2.68583675E+01,+2.39261306E+01
6,06/01/2025 09:07:59.326,+2.39961859E+01,+2.36779643E+01,+2.59221650E+01,+2.54748128E+01,+2.83576906E+01,+2.52004402E+01,+2.32307033E+01,+2.67544875E+01,+2.38312194E+01
7,06/01/2025 09:08:59.326,+2.39603499E+01,+2.37164862E+01,+2.61825859E+01,+2.54355896E+01,+2.83029357E+01,+2.53374907E+01,+2.32494329E+01,+2.67892605E+01,+2.40214331E+01
8,06/01/2025 09:09:59.326,+2.37273820E+01,+2.36752363E+01,+2.61948119E+01,+2.54407117E+01,+2.83779749E+01,+2.52910579E+01,+2.32717329E+01,+2.68407300E+01,+2.39870504E+01
9,06/01/2025 09:10:59.326,+2.35266978E+01,+2.35869084E+01,+2.61262503E+01,+2.53479488E+01,+2.82642033E+01,+2.54177406E+01,+2.31570613E+01,+2.67358897E+01,+2.38642965E+01
10,06/01/2025 09:11:59.326,+2.35112055E+01,+2.35150312E+01,+2.60955297E+01,+2.53139320E+01,+2.81881289E+01,+2.54214568E+01,+2.31896784E+01,+2.67458675E+01,+2.39305450E+01
11,06/01/2025 09:12:59.326,+2.34485290E+01,+2.34957741E+01,+2.62118309E+01,+2.53464093E+01,+2.82649878E+01,+2.54611054E+01,+2.32453579E+01,+2.68507337E+01,+2.39144477E+01
12,06/01/2025 09:13:59.326,+2.35256195E+01,+2.35166138E+01,+2.63127282E+01,+2.54417559E+01,+2.81521815E+01,+2.55587843E+01,+2.32762907E+01,+2.69028846E+01,+2.40359770E+01
13,06/01/2025 09:14:59.326,+2.34909357E+01,+2.34582064E+01,+2.60297272E+01,+2.52457217E+01,+2.80139582E+01,+2.54946551E+01,+2.31434846E+01,+2.67858520E+01,+2.39765921E+01
14,06/01/2025 09:15:59.326,+2.29512068E+01,+2.33079778E+01,+2.61507285E+01,+2.52243961E+01,+2.79691801E+01,+2.53094313E+01,+2.31521979E+01,+2.67410829E+01,+2.40218730E+01
15,06/01/2025 09:16:59.326,+2.34814892E+01,+2.35366999E+01,+2.60680716E+01,+2.54248076E+01,+2.81171026E+01,+2.52813655E+01,+2.30527185E+01,+2.67399614E+01,+2.41720531E+01
16,06/01/2025 09:17:59.326,+2.36868093E+01,+2.36066037E+01,+2.61539088E+01,+2.54581687E+01,+2.80448525E+01,+2.55395362E+01,+2.29934672E+01,+2.68007067E+01,+2.42143879E+01
17,06/01/2025 09:18:59.326,+2.40249445E+01,+2.36597327E+01,+2.61361529E+01,+2.56425925E+01,+2.80697217E+01,+2.52275062E+01,+2.32174328E+01,+2.69140209E+01,+2.43138673E+01
18,06/01/2025 09:19:59.326,+2.41603014E+01,+2.37280538E+01,+2.59536667E+01,+2.58030906E+01,+2.80952143E+01,+2.52042384E+01,+2.33461378E+01,+2.70049890E+01,+2.42216681E+01
19,06/01/2025 09:20:59.326,+2.43412898E+01,+2.38434591E+01,+2.62654581E+01,+2.59923723E+01,+2.82029094E+01,+2.55975990E+01,+2.33043404E+01,+2.69824167E+01,+2.43678235E+01
20,06/01/2025 09:21:59.326,+2.45998010E+01,+2.40614469E+01,+2.63632278E+01,+2.62295925E+01,+2.84066705E+01,+2.57310992E+01,+2.35338801E+01,+2.74000251E+01,+2.47763491E+01
21,06/01/2025 09:22:59.326,+2.47937000E+01,+2.44360891E+01,+2.70423956E+01,+2.67243575E+01,+2.88366112E+01,+2.61295581E+01,+2.40199588E+01,+2.78234719E+01,+2.52867396E+01
22,06/01/2025 09:23:59.326,+2.44839563E+01,+2.45869571E+01,+2.74084317E+01,+2.69587940E+01,+2.90669073E+01,+2.64980232E+01,+2.44500315E+01,+2.82212123E+01,+2.56315808E+01
23,06/01/2025 09:24:59.326,+2.50797656E+01,+2.49667470E+01,+2.77190757E+01,+2.73414968E+01,+2.94087661E+01,+2.65063485E+01,+2.47426402E+01,+2.85397555E+01,+2.58727924E+01
24,06/01/2025 09:25:59.326,+2.55601688E+01,+2.52708943E+01,+2.82682593E+01,+2.76780953E+01,+2.97639383E+01,+2.70445652E+01,+2.50071612E+01,+2.88282524E+01,+2.64049797E+01
25,06/01/2025 09:26:59.326,+2.58530865E+01,+2.55658109E+01,+2.81715210E+01,+2.79815847E+01,+2.99741601E+01,+2.72496522E+01,+2.52258496E+01,+2.89135299E+01,+2.65696925E+01
26,06/01/2025 09:27:59.326,+2.62184212E+01,+2.58873311E+01,+2.86601695E+01,+2.82839815E+01,+3.01203039E+01,+2.77570746E+01,+2.54639401E+01,+2.91804332E+01,+2.68631628E+01
27,06/01/2025 09:28:59.326,+2.66469658E+01,+2.61797992E+01,+2.89314215E+01,+2.85266014E+01,+3.05038588E+01,+2.79772214E+01,+2.57138916E+01,+2.94813577E+01,+2.70754399E+01
28,06/01/2025 09:29:59.326,+2.69013900E+01,+2.65818984E+01,+2.92632148E+01,+2.89178086E+01,+3.08125471E+01,+2.80120712E+01,+2.61735982E+01,+2.96954861E+01,+2.73601741E+01
29,06/01/2025 09:30:59.326,+2.69367454E+01,+2.68622270E+01,+2.93742961E+01,+2.90433526E+01,+3.09144883E+01,+2.79538756E+01,+2.62337643E+01,+2.97008988E+01,+2.73343606E+01
30,06/01/2025 09:31:59.326,+2.74047268E+01,+2.73136237E+01,+2.98515713E+01,+2.96066730E+01,+3.14701270E+01,+2.85109866E+01,+2.68081693E+01,+3.00958571E+01,+2.78691509E+01
31,06/01/2025 09:32:59.326,+2.71892546E+01,+2.75712262E+01,+2.98262114E+01,+2.96694885E+01,+3.15778867E+01,+2.89013203E+01,+2.66023989E+01,+3.03403500E+01,+2.80426673E+01
32,06/01/2025 09:33:59.326,+2.71985573E+01,+2.76147160E+01,+2.98389233E+01,+2.97421298E+01,+3.16772015E+01,+2.87263234E+01,+2.69841068E+01,+3.05294061E+01,+2.77913953E+01
33,06/01/2025 09:34:59.326,+2.77308517E+01,+2.78540521E+01,+3.01782087E+01,+3.00871634E+01,+3.18502036E+01,+2.87398649E+01,+2.72925005E+01,+3.07163498E+01,+2.82505425E+01
34,06/01/2025 09:35:59.326,+2.80145349E+01,+2.82822887E+01,+3.02891198E+01,+3.02515295E+01,+3.21690702E+01,+2.91991271E+01,+2.75121999E+01,+3.09879064E+01,+2.83460536E+01
35,06/01/2025 09:36:59.326,+2.81185625E+01,+2.82595944E+01,+3.00081170E+01,+3.03079230E+01,+3.21644414E+01,+2.90830976E+01,+2.75808206E+01,+3.09138164E+01,+2.83268997E+01
36,06/01/2025 09:37:59.326,+2.76642988E+01,+2.83138500E+01,+3.03077765E+01,+3.02661386E+01,+3.21247094E+01,+2.96209654E+01,+2.74571168E+01,+3.07178790E+01,+2.85271399E+01
37,06/01/2025 09:38:59.326,+2.68506661E+01,+2.80256891E+01,+2.97549210E+01,+3.01790369E+01,+3.18369041E+01,+2.84317447E+01,+2.72659678E+01,+3.04939758E+01,+2.75029984E+01
38,06/01/2025 09:39:59.326,+2.75440340E+01,+2.81034030E+01,+3.01211487E+01,+3.02007777E+01,+3.20128241E+01,+2.92384665E+01,+2.74787164E+01,+3.05593565E+01,+2.81060550E+01
39,06/01/2025 09:40:59.326,+2.72163995E+01,+2.82018092E+01,+3.01497367E+01,+3.01927180E+01,+3.20842525E+01,+2.92026502E+01,+2.74972145E+01,+3.06450072E+01,+2.81105821E+01
40,06/01/2025 09:41:59.326,+2.69708667E+01,+2.78287692E+01,+2.98697995E+01,+2.99559692E+01,+3.18800460E+01,+2.90837712E+01,+2.71491694E+01,+3.03878410E+01,+2.79067254E+01
41,06/01/2025 09:42:59.326,+2.67841509E+01,+2.76765697E+01,+2.98995938E+01,+2.98625178E+01,+3.17827199E+01,+2.89007822E+01,+2.70744777E+01,+3.01133622E+01,+2.76552118E+01
42,06/01/2025 09:43:59.326,+2.60786108E+01,+2.69867904E+01,+2.96557585E+01,+2.93389292E+01,+3.13185353E+01,+2.88629278E+01,+2.66621933E+01,+2.98969698E+01,+2.72296630E+01
43,06/01/2025 09:44:59.326,+2.69359043E+01,+2.74548991E+01,+3.02053488E+01,+2.98526271E+01,+3.16486866E+01,+2.94803094E+01,+2.71851102E+01,+3.01245315E+01,+2.79653716E+01
44,06/01/2025 09:45:59.326,+2.64402875E+01,+2.72000385E+01,+2.99432323E+01,+2.96442272E+01,+3.15949703E+01,+2.90130335E+01,+2.70764936E+01,+2.99315438E+01,+2.78091871E+01
45,06/01/2025 09:46:59.326,+2.82492932E+01,+2.81822751E+01,+3.13419558E+01,+3.07755685E+01,+3.24562673E+01,+3.06216443E+01,+2.81655058E+01,+3.09468441E+01,+2.92067326E+01
46,06/01/2025 09:47:59.326,+3.00178820E+01,+2.95990284E+01,+3.25799071E+01,+3.22796653E+01,+3.37238340E+01,+3.19040344E+01,+2.96239201E+01,+3.26243480E+01,+3.07159033E+01
47,06/01/2025 09:48:59.326,+2.99163689E+01,+3.06418483E+01,+3.33994662E+01,+3.34594745E+01,+3.49856296E+01,+3.24452657E+01,+3.07585936E+01,+3.40350546E+01,+3.18849653E+01
48,06/01/2025 09:49:59.326,+2.95025632E+01,+3.12116879E+01,+3.47217212E+01,+3.41298809E+01,+3.58857182E+01,+3.36642124E+01,+3.16633222E+01,+3.50700759E+01,+3.27571954E+01
49,06/01/2025 09:50:59.326,+3.12645090E+01,+3.24349277E+01,+3.59109417E+01,+3.53669117E+01,+3.70663800E+01,+3.46206270E+01,+3.29021539E+01,+3.63437876E+01,+3.39427303E+01
50,06/01/2025 09:51:59.326,+3.22288020E+01,+3.31799097E+01,+3.64267084E+01,+3.61120201E+01,+3.75466907E+01,+3.49613259E+01,+3.34354798E+01,+3.71764468E+01,+3.47953189E+01
51,06/01/2025 09:52:59.326,+3.22269954E+01,+3.39251347E+01,+3.71859313E+01,+3.70992816E+01,+3.85046431E+01,+3.56867089E+01,+3.43467137E+01,+3.79016553E+01,+3.51520302E+01
52,06/01/2025 09:53:59.326,+3.19541544E+01,+3.40862808E+01,+3.74703650E+01,+3.71512095E+01,+3.88131416E+01,+3.48937416E+01,+3.45672255E+01,+3.82734291E+01,+3.52338765E+01
53,06/01/2025 09:54:59.326,+3.30548676E+01,+3.46054912E+01,+3.82745940E+01,+3.76789799E+01,+3.92897449E+01,+3.70801173E+01,+3.53329561E+01,+3.90753880E+01,+3.66579168E+01
54,06/01/2025 09:55:59.326,+3.39269767E+01,+3.54868208E+01,+3.73970712E+01,+3.83601755E+01,+3.98921669E+01,+3.69183027E+01,+3.55968939E+01,+3.96222804E+01,+3.68037687E+01
55,06/01/2025 09:56:59.326,+3.38460367E+01,+3.61928923E+01,+3.96395121E+01,+3.90624672E+01,+4.06189062E+01,+3.79651546E+01,+3.62580045E+01,+4.03561455E+01,+3.76782864E+01
56,06/01/2025 09:57:59.326,+3.39373358E+01,+3.65936336E+01,+4.04389129E+01,+3.98752848E+01,+4.14803300E+01,+3.76541711E+01,+3.70645449E+01,+4.11849826E+01,+3.74612840E+01
57,06/01/2025 09:58:59.326,+3.51440245E+01,+3.67470936E+01,+3.93070613E+01,+3.91404021E+01,+4.10015233E+01,+3.84054200E+01,+3.66607916E+01,+4.05493938E+01,+3.74415136E+01
58,06/01/2025 09:59:59.326,+3.47324453E+01,+3.69103713E+01,+4.06058888E+01,+3.98815651E+01,+4.19422081E+01,+3.88337985E+01,+3.75233051E+01,+4.15039954E+01,+3.82203977E+01
59,06/01/2025 10:00:59.326,+3.44088524E+01,+3.69540377E+01,+4.10464477E+01,+4.00864032E+01,+4.20012173E+01,+3.93260621E+01,+3.76299490E+01,+4.19061847E+01,+3.86495732E+01
60,06/01/2025 10:01:59.326,+3.35507289E+01,+3.68242404E+01,+4.09829470E+01,+3.99675255E+01,+4.20999318E+01,+3.96766719E+01,+3.77359920E+01,+4.18074089E+01,+3.84350013E+01
61,06/01/2025 10:02:59.326,+3.36730728E+01,+3.71094323E+01,+4.08394181E+01,+4.02708836E+01,+4.25040331E+01,+3.98220358E+01,+3.80360678E+01,+4.28175710E+01,+3.92122572E+01
62,06/01/2025 10:03:59.326,+3.32912124E+01,+3.68112817E+01,+4.12913533E+01,+4.02170380E+01,+4.25588750E+01,+3.98264166E+01,+3.84668681E+01,+4.28739052E+01,+3.89644700E+01
63,06/01/2025 10:04:59.326,+3.40784825E+01,+3.74818351E+01,+4.24127389E+01,+4.09556838E+01,+4.33348875E+01,+4.02747921E+01,+3.88722076E+01,+4.31834006E+01,+3.92266146E+01
64,06/01/2025 10:05:59.327,+3.34964609E+01,+3.76128683E+01,+4.27274382E+01,+4.10066636E+01,+4.33285722E+01,+4.12776409E+01,+3.90594445E+01,+4.37050559E+01,+3.99354814E+01
65,06/01/2025 10:06:59.326,+3.41502801E+01,+3.78503199E+01,+4.31189971E+01,+4.15034127E+01,+4.40618394E+01,+4.08262381E+01,+3.94446228E+01,+4.44217373E+01,+4.07541607E+01
66,06/01/2025 10:07:59.326,+3.31554337E+01,+3.72425306E+01,+4.27511791E+01,+4.13495833E+01,+4.35485677E+01,+4.09522968E+01,+3.94624626E+01,+4.41382622E+01,+4.01385716E+01
67,06/01/2025 10:08:59.326,+3.28141190E+01,+3.72205176E+01,+4.28682434E+01,+4.08359431E+01,+4.37761233E+01,+4.16460140E+01,+3.92407838E+01,+4.41470297E+01,+4.03805942E+01
68,06/01/2025 10:09:59.326,+3.36163993E+01,+3.77443026E+01,+4.35863196E+01,+4.14977390E+01,+4.42770663E+01,+4.21525623E+01,+3.97149730E+01,+4.47066129E+01,+4.07809266E+01
69,06/01/2025 10:10:59.326,+3.48465454E+01,+3.86788344E+01,+4.40681754E+01,+4.20209345E+01,+4.49305114E+01,+4.26531455E+01,+4.02144599E+01,+4.53867591E+01,+4.11765085E+01
70,06/01/2025 10:11:59.326,+3.53376377E+01,+3.88142364E+01,+4.45596293E+01,+4.23720596E+01,+4.51889856E+01,+4.29149785E+01,+4.03404077E+01,+4.58156355E+01,+4.18339434E+01
71,06/01/2025 10:12:59.326,+3.50857163E+01,+3.91071626E+01,+4.36913575E+01,+4.22813127E+01,+4.49237122E+01,+4.23476739E+01,+4.07546312E+01,+4.58070532E+01,+4.17063594E+01
72,06/01/2025 10:13:59.326,+3.68316186E+01,+3.97105143E+01,+4.47539095E+01,+4.28839036E+01,+4.53532404E+01,+4.18487660E+01,+4.11432910E+01,+4.63028924E+01,+4.27312427E+01
73,06/01/2025 10:14:59.326,+3.62737338E+01,+4.00535020E+01,+4.50517227E+01,+4.31534710E+01,+4.54348227E+01,+4.34795152E+01,+4.14291032E+01,+4.66736105E+01,+4.29578526E+01
74,06/01/2025 10:15:59.326,+3.53712738E+01,+3.90211159E+01,+4.42070476E+01,+4.25204616E+01,+4.53987109E+01,+4.30973088E+01,+4.11758567E+01,+4.64950189E+01,+4.28825365E+01
75,06/01/2025 10:16:59.326,+3.74474417E+01,+4.00872788E+01,+4.35050546E+01,+4.32061042E+01,+4.56223171E+01,+4.33348269E+01,+4.13869798E+01,+4.60920836E+01,+4.20194113E+01
76,06/01/2025 10:17:59.326,+3.84514755E+01,+4.06577523E+01,+4.48548309E+01,+4.39488086E+01,+4.64206907E+01,+4.46729272E+01,+4.19446345E+01,+4.73361975E+01,+4.34486439E+01
77,06/01/2025 10:18:59.326,+3.70008153E+01,+3.91804940E+01,+4.43554173E+01,+4.37828403E+01,+4.58825562E+01,+4.30781955E+01,+4.17583821E+01,+4.68574998E+01,+4.29828570E+01
78,06/01/2025 10:19:59.326,+3.70476474E+01,+3.93955197E+01,+4.42670829E+01,+4.36475712E+01,+4.60009258E+01,+4.30728493E+01,+4.18064655E+01,+4.71354352E+01,+4.29758344E+01
79,06/01/2025 10:20:59.326,+3.79776152E+01,+4.01573686E+01,+4.54269183E+01,+4.46362356E+01,+4.70208105E+01,+4.42302912E+01,+4.27054222E+01,+4.79473859E+01,+4.36839744E+01
80,06/01/2025 10:21:59.326,+3.66620122E+01,+3.95562140E+01,+4.55952835E+01,+4.39073022E+01,+4.64106279E+01,+4.40321625E+01,+4.27849965E+01,+4.77774602E+01,+4.29516918E+01
81,06/01/2025 10:22:59.326,+3.92385426E+01,+4.07518098E+01,+4.49617031E+01,+4.50325343E+01,+4.69743529E+01,+4.39525868E+01,+4.32539322E+01,+4.81566390E+01,+4.40614325E+01
82,06/01/2025 10:23:59.326,+3.95883130E+01,+4.14111442E+01,+4.63058474E+01,+4.54194251E+01,+4.75961405E+01,+4.55802161E+01,+4.33082511E+01,+4.88888150E+01,+4.49235814E+01
83,06/01/2025 10:24:59.326,+3.86611115E+01,+4.08057394E+01,+4.64018603E+01,+4.52005927E+01,+4.75295831E+01,+4.52068885E+01,+4.36245384E+01,+4.88332996E+01,+4.45079442E+01
84,06/01/2025 10:25:59.326,+3.83375632E+01,+4.09309471E+01,+4.65198701E+01,+4.52527845E+01,+4.77737287E+01,+4.53764446E+01,+4.38367975E+01,+4.90063526E+01,+4.48093961E+01
85,06/01/2025 10:26:59.326,+3.83728485E+01,+4.12106398E+01,+4.58359806E+01,+4.53246476E+01,+4.76153606E+01,+4.45907973E+01,+4.38401814E+01,+4.93354919E+01,+4.52238780E+01
86,06/01/2025 10:27:59.326,+3.83729640E+01,+4.17279178E+01,+4.67391799E+01,+4.58167698E+01,+4.81639448E+01,+4.64787077E+01,+4.43243617E+01,+4.92843056E+01,+4.54288431E+01
87,06/01/2025 10:28:59.326,+3.91969350E+01,+4.22528948E+01,+4.70656650E+01,+4.63581496E+01,+4.85589489E+01,+4.66189171E+01,+4.49508563E+01,+4.98018408E+01,+4.61035137E+01
88,06/01/2025 10:29:59.326,+4.10084784E+01,+4.30684372E+01,+4.68139900E+01,+4.70522845E+01,+4.89166113E+01,+4.67633837E+01,+4.54050047E+01,+5.01884304E+01,+4.62581953E+01
89,06/01/2025 10:30:59.326,+4.01793670E+01,+4.27636259E+01,+4.66360453E+01,+4.68358484E+01,+4.86651992E+01,+4.58255900E+01,+4.51976081E+01,+5.02798688E+01,+4.62580627E+01
90,06/01/2025 10:31:59.326,+3.85010107E+01,+4.28773159E+01,+4.73043992E+01,+4.64288484E+01,+4.87876303E+01,+4.51455727E+01,+4.53068456E+01,+5.00189678E+01,+4.52760787E+01
91,06/01/2025 10:32:59.326,+3.91837207E+01,+4.32564237E+01,+4.79823304E+01,+4.69605121E+01,+4.89502421E+01,+4.57608543E+01,+4.58046390E+01,+5.06474391E+01,+4.60482617E+01
92,06/01/2025 10:33:59.326,+4.05360813E+01,+4.38740863E+01,+4.83013416E+01,+4.75706357E+01,+4.95441377E+01,+4.75301009E+01,+4.61922269E+01,+5.09429110E+01,+4.67512519E+01
93,06/01/2025 10:34:59.326,+4.06328277E+01,+4.41912436E+01,+4.85857621E+01,+4.73900124E+01,+4.95277851E+01,+4.79520495E+01,+4.63995132E+01,+5.13612433E+01,+4.74968673E+01
94,06/01/2025 10:35:59.326,+3.95878150E+01,+4.39059664E+01,+4.82396049E+01,+4.73570119E+01,+4.92566767E+01,+4.61367514E+01,+4.62695708E+01,+5.11023876E+01,+4.66315818E+01
95,06/01/2025 10:36:59.326,+3.88079659E+01,+4.33100895E+01,+4.80074480E+01,+4.69586694E+01,+4.89443288E+01,+4.71640628E+01,+4.61964231E+01,+5.11693783E+01,+4.73115312E+01
96,06/01/2025 10:37:59.326,+3.94528303E+01,+4.38000965E+01,+4.88116500E+01,+4.74714237E+01,+4.96072135E+01,+4.80410322E+01,+4.65334454E+01,+5.14931697E+01,+4.79253884E+01
97,06/01/2025 10:38:59.326,+4.05361259E+01,+4.46883863E+01,+4.96020993E+01,+4.79552973E+01,+4.99935494E+01,+4.84966039E+01,+4.69168329E+01,+5.20098688E+01,+4.82442914E+01
98,06/01/2025 10:39:59.326,+3.94553136E+01,+4.45702317E+01,+4.96524276E+01,+4.77822068E+01,+4.99894903E+01,+4.78357092E+01,+4.67402929E+01,+5.19154850E+01,+4.71896480E+01
99,06/01/2025 10:40:59.326,+3.91092729E+01,+4.41800647E+01,+4.88587951E+01,+4.73729252E+01,+4.98579650E+01,+4.55468209E+01,+4.60602464E+01,+5.13952450E+01,+4.61325861E+01
100,06/01/2025 10:41:59.326,+3.97552875E+01,+4.50151415E+01,+4.93097405E+01,+4.75234207E+01,+4.99036190E+01,+4.74578710E+01,+4.66905686E+01,+5.18295130E+01,+4.70647440E+01
101,06/01/2025 10:42:59.326,+4.03571711E+01,+4.54475710E+01,+4.96141773E+01,+4.79642848E+01,+5.03482795E+01,+4.82243460E+01,+4.71395462E+01,+5.24218039E+01,+4.80788743E+01
102,06/01/2025 10:43:59.384,+4.11072485E+01,+4.62878426E+01,+4.93578771E+01,+4.85257636E+01,+5.08057741E+01,+4.86175395E+01,+4.75463625E+01,+5.28897751E+01,+4.89572297E+01
103,06/01/2025 10:44:59.326,+4.21390393E+01,+4.69258237E+01,+4.94703722E+01,+4.86886199E+01,+5.08106513E+01,+4.84714302E+01,+4.72317012E+01,+5.33672487E+01,+4.92080096E+01
104,06/01/2025 10:45:59.326,+4.03514427E+01,+4.60992251E+01,+4.84487995E+01,+4.82686974E+01,+5.02011327E+01,+4.71065471E+01,+4.72793143E+01,+5.25008249E+01,+4.80941013E+01
105,06/01/2025 10:46:59.326,+4.07062071E+01,+4.61311025E+01,+4.94519210E+01,+4.79475203E+01,+5.03757911E+01,+4.75674829E+01,+4.72011491E+01,+5.27218692E+01,+4.84096745E+01
106,06/01/2025 10:47:59.326,+4.09432774E+01,+4.55987974E+01,+4.87739596E+01,+4.76195703E+01,+5.02891051E+01,+4.61448434E+01,+4.73578222E+01,+5.29646679E+01,+4.76951719E+01
107,06/01/2025 10:48:59.326,+4.05274387E+01,+4.64760891E+01,+4.95375779E+01,+4.84377444E+01,+5.11373691E+01,+4.82100651E+01,+4.77316567E+01,+5.29677020E+01,+4.87253184E+01
108,06/01/2025 10:49:59.326,+4.19562621E+01,+4.72506665E+01,+5.06765413E+01,+4.89330226E+01,+5.14275516E+01,+4.92320776E+01,+4.82036005E+01,+5.35543847E+01,+4.86975605E+01
109,06/01/2025 10:50:59.326,+4.11162804E+01,+4.78403250E+01,+5.01975928E+01,+4.92159855E+01,+5.17211291E+01,+4.89444606E+01,+4.89460405E+01,+5.39199795E+01,+4.90706007E+01
110,06/01/2025 10:51:59.326,+4.17046999E+01,+4.78200828E+01,+5.07847099E+01,+4.94874012E+01,+5.13681572E+01,+4.85978259E+01,+4.87073265E+01,+5.36123383E+01,+4.89526266E+01
111,06/01/2025 10:52:59.326,+4.23370445E+01,+4.79103240E+01,+5.04329132E+01,+4.94578822E+01,+5.15971112E+01,+4.87408361E+01,+4.89112711E+01,+5.35905399E+01,+4.93423485E+01
112,06/01/2025 10:53:59.326,+4.23677892E+01,+4.81144136E+01,+5.09750829E+01,+4.94389287E+01,+5.19927309E+01,+4.77470514E+01,+4.90773999E+01,+5.40983813E+01,+4.89041603E+01
113,06/01/2025 10:54:59.326,+4.27646982E+01,+4.87462588E+01,+5.11635560E+01,+4.99988158E+01,+5.23035023E+01,+5.00956189E+01,+4.93580817E+01,+5.44261361E+01,+4.95962009E+01
114,06/01/2025 10:55:59.326,+4.20922929E+01,+4.86199372E+01,+5.10315409E+01,+5.00943807E+01,+5.18954361E+01,+4.88498440E+01,+4.95660522E+01,+5.40152084E+01,+4.93129452E+01
115,06/01/2025 10:56:59.326,+4.05419585E+01,+4.72085926E+01,+5.04896526E+01,+4.91398675E+01,+5.13535031E+01,+4.82071853E+01,+4.87234198E+01,+5.28995230E+01,+4.80872512E+01
116,06/01/2025 10:57:59.326,+4.08593447E+01,+4.81390618E+01,+5.13218271E+01,+4.96921940E+01,+5.17999108E+01,+4.88884189E+01,+4.91887669E+01,+5.41507262E+01,+4.88482857E+01
117,06/01/2025 10:58:59.326,+3.94258243E+01,+4.76311953E+01,+5.12956096E+01,+4.92139991E+01,+5.16245966E+01,+4.93273339E+01,+4.93032140E+01,+5.44043866E+01,+4.95397390E+01
118,06/01/2025 10:59:59.326,+4.18707312E+01,+4.81607441E+01,+5.11062678E+01,+4.94593546E+01,+5.17316063E+01,+4.80698944E+01,+4.96017593E+01,+5.45094839E+01,+4.93386893E+01
119,06/01/2025 11:00:59.326,+4.20467692E+01,+4.87587735E+01,+5.18015908E+01,+4.99318934E+01,+5.22265583E+01,+4.93197154E+01,+4.97199639E+01,+5.46991537E+01,+4.93087619E+01
120,06/01/2025 11:01:59.326,+4.22728140E+01,+4.90226818E+01,+5.14068622E+01,+5.04154659E+01,+5.26973204E+01,+4.96717355E+01,+5.00023906E+01,+5.49348133E+01,+4.99512176E+01
121,06/01/2025 11:02:59.326,+4.16754127E+01,+4.89151117E+01,+5.21503649E+01,+5.02105307E+01,+5.24070804E+01,+5.02033064E+01,+5.02100219E+01,+5.53502271E+01,+5.01809828E+01
122,06/01/2025 11:03:59.326,+4.15156663E+01,+4.79819320E+01,+5.10336630E+01,+4.98386341E+01,+5.24500780E+01,+4.98576162E+01,+4.96483526E+01,+5.44371689E+01,+4.93544275E+01
123,06/01/2025 11:04:59.326,+4.05198644E+01,+4.84075701E+01,+5.18260838E+01,+4.98954509E+01,+5.25203424E+01,+5.02022629E+01,+4.99978342E+01,+5.48452205E+01,+4.99182598E+01
124,06/01/2025 11:05:59.326,+4.22914771E+01,+4.86938896E+01,+5.05484102E+01,+4.99401532E+01,+5.22147998E+01,+4.86567382E+01,+5.01488510E+01,+5.52360482E+01,+4.95450924E+01
125,06/01/2025 11:06:59.326,+4.15802407E+01,+4.85794939E+01,+5.15286780E+01,+5.00996414E+01,+5.26840327E+01,+4.95494945E+01,+5.05046736E+01,+5.55749739E+01,+4.97259015E+01
126,06/01/2025 11:07:59.326,+4.34709069E+01,+4.93724954E+01,+5.20772399E+01,+5.06437215E+01,+5.31140842E+01,+5.10779913E+01,+5.08969933E+01,+5.57578147E+01,+5.07821797E+01
127,06/01/2025 11:08:59.326,+4.32740557E+01,+4.96058950E+01,+5.19857056E+01,+5.12337232E+01,+5.29656880E+01,+4.88555626E+01,+5.07525972E+01,+5.58941587E+01,+5.01813209E+01
128,06/01/2025 11:09:59.326,+4.34928246E+01,+4.99428280E+01,+5.22185243E+01,+5.14661910E+01,+5.35347441E+01,+5.07279271E+01,+5.09940548E+01,+5.58231600E+01,+5.12426788E+01
129,06/01/2025 11:10:59.326,+4.27467784E+01,+4.95031408E+01,+5.11377908E+01,+5.13878961E+01,+5.32707753E+01,+4.80613909E+01,+5.06553784E+01,+5.57353659E+01,+5.01853500E+01
130,06/01/2025 11:11:59.326,+4.42533919E+01,+5.01233411E+01,+5.09023644E+01,+5.12536058E+01,+5.31365550E+01,+4.95203849E+01,+5.05780476E+01,+5.60882978E+01,+5.07508492E+01
131,06/01/2025 11:12:59.326,+4.27701927E+01,+4.97597814E+01,+5.23769153E+01,+5.10159236E+01,+5.33885437E+01,+5.08668699E+01,+5.09978949E+01,+5.63427521E+01,+5.13848090E+01
132,06/01/2025 11:13:59.326,+4.20533376E+01,+4.95651063E+01,+5.27321667E+01,+5.12615305E+01,+5.33195627E+01,+5.15945840E+01,+5.10331213E+01,+5.63612630E+01,+5.14611209E+01
133,06/01/2025 11:14:59.326,+4.20345828E+01,+4.87665881E+01,+5.13306802E+01,+5.07097540E+01,+5.27391618E+01,+4.86780131E+01,+5.09820812E+01,+5.57341897E+01,+5.01922492E+01
134,06/01/2025 11:15:59.326,+4.16738731E+01,+4.93303268E+01,+5.25585495E+01,+5.08004432E+01,+5.32628311E+01,+5.06259431E+01,+5.15136972E+01,+5.62182320E+01,+5.15469540E+01
135,06/01/2025 11:16:59.326,+4.45756282E+01,+5.01084406E+01,+5.21139933E+01,+5.14107359E+01,+5.36855280E+01,+5.20150349E+01,+5.18628130E+01,+5.69953405E+01,+5.21200166E+01
136,06/01/2025 11:17:59.326,+4.41315080E+01,+4.99917326E+01,+5.29521516E+01,+5.10566975E+01,+5.39074107E+01,+5.20459524E+01,+5.15683193E+01,+5.70776857E+01,+5.26902543E+01
137,06/01/2025 11:18:59.326,+4.15664706E+01,+4.90057518E+01,+5.14334673E+01,+5.08265370E+01,+5.31480116E+01,+5.10081812E+01,+5.10984275E+01,+5.61411874E+01,+5.10135249E+01
138,06/01/2025 11:19:59.326,+4.18595443E+01,+4.91174495E+01,+5.21824723E+01,+5.08850985E+01,+5.27167443E+01,+5.01490211E+01,+5.12478929E+01,+5.60649025E+01,+5.11518839E+01
139,06/01/2025 11:20:59.326,+4.31746439E+01,+5.01090561E+01,+5.31685825E+01,+5.17323215E+01,+5.40204403E+01,+5.19468297E+01,+5.18797407E+01,+5.72675117E+01,+5.20061551E+01
140,06/01/2025 11:21:59.326,+4.08037222E+01,+4.94599478E+01,+5.23810039E+01,+5.14728151E+01,+5.30835350E+01,+5.05080952E+01,+5.16127740E+01,+5.66884135E+01,+5.15655251E+01
141,06/01/2025 11:22:59.326,+4.26177216E+01,+4.97559004E+01,+5.31311058E+01,+5.14088880E+01,+5.39341877E+01,+5.25964266E+01,+5.22269382E+01,+5.69949797E+01,+5.20350190E+01
142,06/01/2025 11:23:59.326,+4.29488302E+01,+5.02785070E+01,+5.39161780E+01,+5.18293785E+01,+5.45206543E+01,+5.09413564E+01,+5.23298154E+01,+5.69353792E+01,+5.18688302E+01
143,06/01/2025 11:24:59.326,+4.17727972E+01,+4.98228957E+01,+5.24779449E+01,+5.15574943E+01,+5.37155777E+01,+5.11955549E+01,+5.17052516E+01,+5.67887289E+01,+5.15630347E+01
144,06/01/2025 11:25:59.326,+4.29946845E+01,+5.08125243E+01,+5.37657375E+01,+5.16889469E+01,+5.44509181E+01,+5.06951863E+01,+5.23713692E+01,+5.69459863E+01,+5.09633167E+01
145,06/01/2025 11:26:59.326,+4.32631140E+01,+5.05845507E+01,+5.19585349E+01,+5.15435526E+01,+5.36983567E+01,+4.88075035E+01,+5.18083549E+01,+5.67326598E+01,+5.09951860E+01
146,06/01/2025 11:27:59.326,+4.17891275E+01,+5.02014490E+01,+5.32708406E+01,+5.15399865E+01,+5.34594946E+01,+4.99828279E+01,+5.20889577E+01,+5.70688689E+01,+5.15214986E+01
147,06/01/2025 11:28:59.326,+4.38465980E+01,+5.14030646E+01,+5.24695541E+01,+5.24632250E+01,+5.46786650E+01,+5.00639860E+01,+5.27527613E+01,+5.76443279E+01,+5.21433763E+01
148,06/01/2025 11:29:59.326,+4.31256559E+01,+5.07775164E+01,+5.34183423E+01,+5.23093547E+01,+5.43271236E+01,+5.11161132E+01,+5.26200756E+01,+5.73059453E+01,+5.19568697E+01
149,06/01/2025 11:30:59.326,+4.37355341E+01,+5.16460304E+01,+5.46190388E+01,+5.26348617E+01,+5.50984783E+01,+5.28614619E+01,+5.31024057E+01,+5.78465804E+01,+5.27091449E+01
150,06/01/2025 11:31:59.326,+4.42797760E+01,+5.20701214E+01,+5.45281206E+01,+5.28652371E+01,+5.53292918E+01,+5.26200756E+01,+5.33132841E+01,+5.81700409E+01,+5.29356464E+01
151,06/01/2025 11:32:59.326,+4.50057965E+01,+5.27734773E+01,+5.53669585E+01,+5.32897485E+01,+5.57071307E+01,+5.31656019E+01,+5.39982972E+01,+5.90088996E+01,+5.41205589E+01
152,06/01/2025 11:33:59.326,+4.43128178E+01,+5.19221125E+01,+5.40167773E+01,+5.33423266E+01,+5.51623250E+01,+5.22973447E+01,+5.34892095E+01,+5.86145361E+01,+5.31303564E+01
153,06/01/2025 11:34:59.326,+4.40288703E+01,+5.18500975E+01,+5.41216809E+01,+5.35468616E+01,+5.51115002E+01,+5.18453007E+01,+5.39664874E+01,+5.90715682E+01,+5.33428292E+01
154,06/01/2025 11:35:59.326,+4.41638672E+01,+5.09947180E+01,+5.25814155E+01,+5.22602653E+01,+5.41784062E+01,+5.17837943E+01,+5.18855330E+01,+5.60821621E+01,+5.20174137E+01
155,06/01/2025 11:36:59.326,+4.34962315E+01,+5.10279586E+01,+5.30298670E+01,+5.27141001E+01,+5.47409449E+01,+5.06322306E+01,+5.29043979E+01,+5.77691010E+01,+5.20979086E+01
156,06/01/2025 11:37:59.326,+4.48075334E+01,+5.23260658E+01,+5.50322149E+01,+5.35583194E+01,+5.58293106E+01,+5.29778034E+01,+5.37479283E+01,+5.85754360E+01,+5.27628866E+01
157,06/01/2025 11:38:59.326,+4.20545915E+01,+5.11419424E+01,+5.36853437E+01,+5.24041739E+01,+5.44550112E+01,+5.17567692E+01,+5.31912799E+01,+5.79750723E+01,+5.24747069E+01
158,06/01/2025 11:39:59.326,+4.11292798E+01,+5.02113710E+01,+5.29918232E+01,+5.22089135E+01,+5.45022399E+01,+5.11395074E+01,+5.29032407E+01,+5.78166322E+01,+5.21436401E+01
159,06/01/2025 11:40:59.326,+4.19722035E+01,+5.03997776E+01,+5.32307499E+01,+5.23028433E+01,+5.46104350E+01,+5.09488721E+01,+5.27926645E+01,+5.75123732E+01,+5.24950695E+01
160,06/01/2025 11:41:59.326,+4.20334854E+01,+4.99550143E+01,+5.25561349E+01,+5.19901953E+01,+5.38244907E+01,+5.01631001E+01,+5.24852511E+01,+5.71315726E+01,+5.16061134E+01
161,06/01/2025 11:42:59.326,+4.10531032E+01,+4.93848510E+01,+5.13881243E+01,+5.16982197E+01,+5.36656805E+01,+4.95214851E+01,+5.23397026E+01,+5.71880291E+01,+5.18278700E+01
162,06/01/2025 11:43:59.326,+4.17078923E+01,+4.97773407E+01,+5.12043319E+01,+5.16869329E+01,+5.34736490E+01,+5.00096379E+01,+5.26265924E+01,+5.73692424E+01,+5.15426035E+01
163,06/01/2025 11:44:59.326,+4.04969969E+01,+4.80927918E+01,+5.02323654E+01,+5.08944022E+01,+5.28229474E+01,+4.82501538E+01,+5.16927738E+01,+5.62716969E+01,+5.04450266E+01
164,06/01/2025 11:45:59.326,+4.05766054E+01,+4.88706264E+01,+5.15375593E+01,+5.11556343E+01,+5.33987683E+01,+4.99543346E+01,+5.21706360E+01,+5.65396054E+01,+5.12852104E+01
165,06/01/2025 11:46:59.326,+4.24571755E+01,+4.90960291E+01,+5.04067475E+01,+5.13385415E+01,+5.33262164E+01,+4.97548213E+01,+5.24165529E+01,+5.71858402E+01,+5.14224189E+01
166,06/01/2025 11:47:59.326,+4.14767356E+01,+4.87681947E+01,+5.10678102E+01,+5.10669324E+01,+5.31471796E+01,+4.96659899E+01,+5.21193209E+01,+5.68303771E+01,+5.09281635E+01
167,06/01/2025 11:48:59.326,+4.25027504E+01,+4.93544201E+01,+5.08259986E+01,+5.14202048E+01,+5.36607903E+01,+5.00905877E+01,+5.20696949E+01,+5.69403942E+01,+5.12445905E+01
168,06/01/2025 11:49:59.326,+4.13903848E+01,+4.84457995E+01,+5.07201453E+01,+5.10315750E+01,+5.30340908E+01,+4.95512047E+01,+5.18979446E+01,+5.69308160E+01,+5.06084168E+01
169,06/01/2025 11:50:59.326,+4.06852486E+01,+4.83187178E+01,+5.01035670E+01,+5.10442469E+01,+5.29684979E+01,+4.91818942E+01,+5.18564424E+01,+5.67581522E+01,+5.08672493E+01
170,06/01/2025 11:51:59.326,+4.15541747E+01,+4.82572863E+01,+5.07387988E+01,+5.10937823E+01,+5.34007211E+01,+4.88925737E+01,+5.19901710E+01,+5.66109240E+01,+5.13323608E+01
171,06/01/2025 11:52:59.326,+4.19015327E+01,+4.92016584E+01,+5.04986150E+01,+5.11424942E+01,+5.32341376E+01,+4.97736946E+01,+5.24691579E+01,+5.70214872E+01,+5.13967372E+01
172,06/01/2025 11:53:59.326,+4.23293601E+01,+4.89575843E+01,+4.99718995E+01,+5.15498052E+01,+5.33377854E+01,+4.90793640E+01,+5.25455843E+01,+5.69884238E+01,+5.14636261E+01
173,06/01/2025 11:54:59.326,+4.31447817E+01,+4.91861952E+01,+5.04265350E+01,+5.12387960E+01,+5.35266337E+01,+5.06274142E+01,+5.15009608E+01,+5.67822459E+01,+5.08960375E+01
174,06/01/2025 11:55:59.326,+4.25764675E+01,+4.92860032E+01,+5.16464729E+01,+5.10616184E+01,+5.35340071E+01,+5.09783302E+01,+5.23041394E+01,+5.70717107E+01,+5.14348332E+01
175,06/01/2025 11:56:59.326,+4.16665217E+01,+4.89777254E+01,+5.04062404E+01,+5.11083146E+01,+5.33216258E+01,+4.98913544E+01,+5.20772760E+01,+5.65101950E+01,+5.14887328E+01
176,06/01/2025 11:57:59.351,+4.16784931E+01,+4.89952682E+01,+5.20214884E+01,+5.17206579E+01,+5.39528688E+01,+5.06134569E+01,+5.26428924E+01,+5.70489361E+01,+5.16393831E+01
177,06/01/2025 11:58:59.326,+4.18299537E+01,+4.89877840E+01,+5.20113335E+01,+5.20629216E+01,+5.41236197E+01,+5.00126809E+01,+5.24511092E+01,+5.70943404E+01,+5.10658079E+01
178,06/01/2025 11:59:59.326,+4.11311705E+01,+4.91558983E+01,+5.25545271E+01,+5.18735252E+01,+5.44238926E+01,+5.12069000E+01,+5.28520617E+01,+5.76749690E+01,+5.23397944E+01
179,06/01/2025 12:00:59.326,+4.18976214E+01,+4.99530631E+01,+5.24555578E+01,+5.24843790E+01,+5.46058365E+01,+5.12963497E+01,+5.32989945E+01,+5.79965064E+01,+5.21666258E+01
180,06/01/2025 12:01:59.326,+4.18253939E+01,+4.97330112E+01,+5.27317114E+01,+5.22841784E+01,+5.44919414E+01,+5.11190980E+01,+5.33900898E+01,+5.82412467E+01,+5.26774400E+01
181,06/01/2025 12:02:59.326,+4.29623541E+01,+5.07172627E+01,+5.35324070E+01,+5.27864990E+01,+5.53408263E+01,+5.23080716E+01,+5.37856942E+01,+5.85337714E+01,+5.28325398E+01
182,06/01/2025 12:03:59.326,+4.17533598E+01,+4.99750750E+01,+5.22234487E+01,+5.20944560E+01,+5.45085401E+01,+4.97497572E+01,+5.30276501E+01,+5.70436316E+01,+5.15405029E+01
183,06/01/2025 12:04:59.326,+4.42397867E+01,+5.12960680E+01,+5.42849705E+01,+5.25810187E+01,+5.54331293E+01,+5.30679953E+01,+5.38816012E+01,+5.79057712E+01,+5.31689100E+01
184,06/01/2025 12:05:59.326,+4.27086365E+01,+5.06476780E+01,+5.31039247E+01,+5.28919009E+01,+5.53562703E+01,+5.18896915E+01,+5.36090963E+01,+5.82240559E+01,+5.29762888E+01
185,06/01/2025 12:06:59.326,+4.45840242E+01,+5.14894887E+01,+5.14287629E+01,+5.29718865E+01,+5.46685839E+01,+5.12762947E+01,+5.35690138E+01,+5.72208389E+01,+5.25915203E+01
186,06/01/2025 12:07:59.326,+4.27141468E+01,+5.09880637E+01,+5.28437255E+01,+5.33640615E+01,+5.48952865E+01,+5.02486733E+01,+5.34931738E+01,+5.69618204E+01,+5.20627415E+01
187,06/01/2025 12:08:59.326,+4.35959648E+01,+5.18270133E+01,+5.42077175E+01,+5.32837059E+01,+5.57676968E+01,+5.34111780E+01,+5.46172281E+01,+5.88882523E+01,+5.34900475E+01
188,06/01/2025 12:09:59.326,+4.32617922E+01,+5.15436424E+01,+5.36558320E+01,+5.37179079E+01,+5.55006945E+01,+5.09618895E+01,+5.43927988E+01,+5.84845391E+01,+5.31092191E+01
189,06/01/2025 12:10:59.326,+4.60167189E+01,+5.26053489E+01,+5.42838274E+01,+5.41513779E+01,+5.57140283E+01,+5.23449310E+01,+5.46383707E+01,+5.80587855E+01,+5.37880477E+01
190,06/01/2025 12:11:59.326,+4.54298522E+01,+5.25831363E+01,+5.44449188E+01,+5.45893746E+01,+5.58809885E+01,+5.29514775E+01,+5.50572558E+01,+5.89291679E+01,+5.36628756E+01
191,06/01/2025 12:12:59.326,+4.50601469E+01,+5.29008093E+01,+5.50349937E+01,+5.45569466E+01,+5.62606634E+01,+5.34696734E+01,+5.57135962E+01,+5.95365299E+01,+5.48542570E+01
192,06/01/2025 12:13:59.326,+4.64426073E+01,+5.33910420E+01,+5.31920014E+01,+5.50429069E+01,+5.61076527E+01,+5.28280085E+01,+5.53128683E+01,+5.95270276E+01,+5.44826158E+01
193,06/01/2025 12:14:59.326,+4.38539097E+01,+5.30715620E+01,+5.39562728E+01,+5.48253131E+01,+5.62225716E+01,+5.35990577E+01,+5.53224595E+01,+5.95074186E+01,+5.41897021E+01
194,06/01/2025 12:15:59.326,+4.33191382E+01,+5.27272237E+01,+5.41425835E+01,+5.44061738E+01,+5.60324862E+01,+5.38493371E+01,+5.53174311E+01,+5.96714565E+01,+5.38969555E+01
195,06/01/2025 12:16:59.326,+4.44941479E+01,+5.28445568E+01,+5.47772668E+01,+5.48436071E+01,+5.61999975E+01,+5.38097466E+01,+5.54016852E+01,+5.96860626E+01,+5.48819578E+01
196,06/01/2025 12:17:59.326,+4.46238231E+01,+5.29713725E+01,+5.46533742E+01,+5.50211822E+01,+5.64278324E+01,+5.29939438E+01,+5.56586041E+01,+6.01302822E+01,+5.47692171E+01
197,06/01/2025 12:18:59.326,+4.45757393E+01,+5.29107111E+01,+5.45111788E+01,+5.51353679E+01,+5.69091241E+01,+5.31403648E+01,+5.58461772E+01,+6.03551841E+01,+5.48475671E+01
198,06/01/2025 12:19:59.326,+4.71454285E+01,+5.37855909E+01,+5.51213640E+01,+5.56861450E+01,+5.69520328E+01,+5.50426150E+01,+5.62072805E+01,+5.94535282E+01,+5.46737529E+01
199,06/01/2025 12:20:59.326,+4.33281455E+01,+5.24951809E+01,+5.44494794E+01,+5.47001204E+01,+5.63165831E+01,+5.37281853E+01,+5.55251026E+01,+5.98683304E+01,+5.46705506E+01
200,06/01/2025 12:21:59.326,+4.67523016E+01,+5.42206881E+01,+5.49978641E+01,+5.55087621E+01,+5.65075856E+01,+5.39038290E+01,+5.57819609E+01,+6.03657987E+01,+5.49534658E+01
201,06/01/2025 12:22:59.326,+4.55635953E+01,+5.37903553E+01,+5.37249983E+01,+5.55239253E+01,+5.69709479E+01,+5.17446551E+01,+5.56648014E+01,+6.04456348E+01,+5.50209858E+01
202,06/01/2025 12:23:59.326,+4.69773188E+01,+5.45180965E+01,+5.54322047E+01,+5.50801558E+01,+5.70770289E+01,+5.43494904E+01,+5.65639664E+01,+6.03017984E+01,+5.58013666E+01
203,06/01/2025 12:24:59.326,+4.78241902E+01,+5.52174412E+01,+5.55031907E+01,+5.62617728E+01,+5.82476538E+01,+5.50462985E+01,+5.71262433E+01,+6.15024902E+01,+5.66953602E+01
204,06/01/2025 12:25:59.326,+4.81571429E+01,+5.58341707E+01,+5.59302290E+01,+5.66721431E+01,+5.77663586E+01,+5.60017998E+01,+5.62834940E+01,+5.99377874E+01,+5.59691087E+01
205,06/01/2025 12:26:59.326,+4.80493677E+01,+5.55573852E+01,+5.68088160E+01,+5.66309235E+01,+5.85024241E+01,+5.59511117E+01,+5.74019248E+01,+6.19206184E+01,+5.66808410E+01
206,06/01/2025 12:27:59.326,+4.72790567E+01,+5.52457776E+01,+5.56442370E+01,+5.61970866E+01,+5.80258388E+01,+5.47055479E+01,+5.67779762E+01,+6.13780265E+01,+5.60685465E+01
207,06/01/2025 12:28:59.326,+4.68475728E+01,+5.52051945E+01,+5.64561087E+01,+5.63302094E+01,+5.81847368E+01,+5.57811800E+01,+5.65269760E+01,+6.10839596E+01,+5.56238381E+01
208,06/01/2025 12:29:59.326,+4.62883301E+01,+5.46764685E+01,+5.63851250E+01,+5.56882681E+01,+5.79684662E+01,+5.48464587E+01,+5.63679691E+01,+6.09496328E+01,+5.49548394E+01
209,06/01/2025 12:30:59.326,+4.58002349E+01,+5.51542799E+01,+5.69068183E+01,+5.60658566E+01,+5.79015856E+01,+5.56510252E+01,+5.67975008E+01,+6.14446808E+01,+5.57422736E+01
210,06/01/2025 12:31:59.326,+4.48946760E+01,+5.40471305E+01,+5.61703944E+01,+5.56768039E+01,+5.80651365E+01,+5.63531338E+01,+5.65205154E+01,+6.14713854E+01,+5.61509576E+01
211,06/01/2025 12:32:59.326,+4.51042848E+01,+5.35104685E+01,+5.59905751E+01,+5.54013839E+01,+5.72358350E+01,+5.35548681E+01,+5.62183005E+01,+6.11899815E+01,+5.52241267E+01
212,06/01/2025 12:33:59.326,+4.43047898E+01,+5.27442751E+01,+5.44234000E+01,+5.50400636E+01,+5.67655891E+01,+5.31986333E+01,+5.61834296E+01,+6.08949721E+01,+5.48338882E+01
213,06/01/2025 12:34:59.326,+4.51348376E+01,+5.36193970E+01,+5.62453051E+01,+5.57357738E+01,+5.77557536E+01,+5.43597367E+01,+5.68049603E+01,+6.13969727E+01,+5.58292302E+01
214,06/01/2025 12:35:59.326,+4.50992224E+01,+5.37182897E+01,+5.48184010E+01,+5.57888994E+01,+5.70976974E+01,+5.30026892E+01,+5.69255937E+01,+6.13161796E+01,+5.45173914E+01
215,06/01/2025 12:36:59.326,+4.57698809E+01,+5.32489946E+01,+5.40906442E+01,+5.55524790E+01,+5.76379375E+01,+5.37070836E+01,+5.63585250E+01,+6.10586254E+01,+5.51319006E+01
216,06/01/2025 12:37:59.326,+4.59559663E+01,+5.35045927E+01,+5.44613175E+01,+5.59426447E+01,+5.77639588E+01,+5.32786006E+01,+5.68580962E+01,+6.14116125E+01,+5.55127268E+01
217,06/01/2025 12:38:59.326,+4.52524738E+01,+5.28288790E+01,+5.46272804E+01,+5.57523952E+01,+5.73035320E+01,+5.24245143E+01,+5.68881141E+01,+6.07057089E+01,+5.49484491E+01
218,06/01/2025 12:39:59.326,+4.51018606E+01,+5.20030201E+01,+5.40733024E+01,+5.50314142E+01,+5.66303120E+01,+5.26241126E+01,+5.61030288E+01,+6.05219319E+01,+5.51870172E+01
219,06/01/2025 12:40:59.326,+4.48910625E+01,+5.28255122E+01,+5.41721215E+01,+5.55987607E+01,+5.71706610E+01,+5.18882060E+01,+5.64472320E+01,+6.08909153E+01,+5.47460286E+01
220,06/01/2025 12:41:59.326,+4.48556583E+01,+5.27215171E+01,+5.48121875E+01,+5.54051804E+01,+5.67920434E+01,+5.30981646E+01,+5.68425932E+01,+6.10177573E+01,+5.46546383E+01
221,06/01/2025 12:42:59.326,+4.38983850E+01,+5.21653103E+01,+5.37307834E+01,+5.51877799E+01,+5.63589708E+01,+5.24471652E+01,+5.62955804E+01,+6.06408204E+01,+5.47215196E+01
222,06/01/2025 12:43:59.326,+4.52805345E+01,+5.26666481E+01,+5.49410226E+01,+5.55697741E+01,+5.75330382E+01,+5.40665488E+01,+5.67031325E+01,+6.16413539E+01,+5.59176416E+01
223,06/01/2025 12:44:59.326,+4.46243263E+01,+5.27239913E+01,+5.32974205E+01,+5.53307717E+01,+5.65190892E+01,+5.25284855E+01,+5.63260108E+01,+6.10256270E+01,+5.48165302E+01
224,06/01/2025 12:45:59.326,+4.38783965E+01,+5.23454148E+01,+5.53180787E+01,+5.52148228E+01,+5.74490413E+01,+5.39753852E+01,+5.69433036E+01,+6.12810929E+01,+5.52162744E+01
225,06/01/2025 12:46:59.326,+4.64447627E+01,+5.39144913E+01,+5.59258116E+01,+5.61779062E+01,+5.80678294E+01,+5.61263966E+01,+5.75258062E+01,+6.19839823E+01,+5.68147332E+01
226,06/01/2025 12:47:59.326,+4.53082203E+01,+5.33357267E+01,+5.53397243E+01,+5.57747022E+01,+5.76316382E+01,+5.48221501E+01,+5.68492461E+01,+6.14208751E+01,+5.62741687E+01
227,06/01/2025 12:48:59.326,+4.60744580E+01,+5.46878370E+01,+5.54423679E+01,+5.65981374E+01,+5.83371360E+01,+5.49473608E+01,+5.71671533E+01,+6.15494962E+01,+5.65162075E+01
228,06/01/2025 12:49:59.326,+4.64162034E+01,+5.49119910E+01,+5.66122350E+01,+5.65388797E+01,+5.83673711E+01,+5.64364777E+01,+5.74221911E+01,+6.18249141E+01,+5.63842958E+01
229,06/01/2025 12:50:59.326,+4.53487764E+01,+5.51020297E+01,+5.76240714E+01,+5.68182304E+01,+5.88315266E+01,+5.67832983E+01,+5.78995199E+01,+6.24891094E+01,+5.69649844E+01
230,06/01/2025 12:51:59.326,+4.79111195E+01,+5.61678356E+01,+5.59351487E+01,+5.75143419E+01,+5.94291850E+01,+5.70226476E+01,+5.78779847E+01,+6.24337654E+01,+5.72391662E+01
231,06/01/2025 12:52:59.326,+4.67871011E+01,+5.49287937E+01,+5.67137883E+01,+5.71822492E+01,+5.85814246E+01,+5.59494786E+01,+5.76845494E+01,+6.26152619E+01,+5.68733469E+01
232,06/01/2025 12:53:59.326,+4.60202473E+01,+5.56357331E+01,+5.80000463E+01,+5.72121844E+01,+5.93836315E+01,+5.68605624E+01,+5.79297793E+01,+6.27448530E+01,+5.70275412E+01
233,06/01/2025 12:54:59.326,+4.54745112E+01,+5.53259323E+01,+5.80137750E+01,+5.70529402E+01,+5.92217735E+01,+5.67486828E+01,+5.79470329E+01,+6.26289889E+01,+5.69329258E+01
234,06/01/2025 12:55:59.326,+4.53239562E+01,+5.48061773E+01,+5.76215171E+01,+5.71065330E+01,+5.97352748E+01,+5.60647844E+01,+5.75627664E+01,+6.23459600E+01,+5.70034859E+01
235,06/01/2025 12:56:59.326,+4.79337728E+01,+5.62199595E+01,+5.70209274E+01,+5.77755355E+01,+5.97671101E+01,+5.64084870E+01,+5.79183033E+01,+6.23777114E+01,+5.72818754E+01
236,06/01/2025 12:57:59.326,+4.65340825E+01,+5.54726071E+01,+5.66832279E+01,+5.73442709E+01,+5.93137037E+01,+5.62060205E+01,+5.72476559E+01,+6.21775163E+01,+5.71204391E+01
237,06/01/2025 12:58:59.326,+4.45328466E+01,+5.36280422E+01,+5.60000625E+01,+5.63748878E+01,+5.77483598E+01,+5.49714078E+01,+5.63975818E+01,+6.11985933E+01,+5.57445303E+01
238,06/01/2025 12:59:59.326,+4.44368205E+01,+5.39273526E+01,+5.49003632E+01,+5.67171230E+01,+5.83693647E+01,+5.25504418E+01,+5.64242360E+01,+6.11694410E+01,+5.53179149E+01
239,06/01/2025 13:00:59.326,+4.25859253E+01,+5.38245141E+01,+5.63005552E+01,+5.66686231E+01,+5.83898082E+01,+5.45713661E+01,+5.71858319E+01,+6.19269182E+01,+5.68068187E+01
240,06/01/2025 13:01:59.326,+4.65979947E+01,+5.56004319E+01,+5.59056979E+01,+5.74798107E+01,+5.94680343E+01,+5.53028832E+01,+5.79910386E+01,+6.24431776E+01,+5.70896192E+01
241,06/01/2025 13:02:59.326,+4.58088960E+01,+5.44241821E+01,+5.60609808E+01,+5.65961310E+01,+5.84556294E+01,+5.55118569E+01,+5.71000622E+01,+6.19202649E+01,+5.66074623E+01
242,06/01/2025 13:03:59.326,+4.41195800E+01,+5.41320411E+01,+5.56297520E+01,+5.61756799E+01,+5.75881479E+01,+5.41243768E+01,+5.66246024E+01,+6.16075579E+01,+5.62147621E+01
243,06/01/2025 13:04:59.326,+4.49058108E+01,+5.43601389E+01,+5.66889151E+01,+5.67906140E+01,+5.90724946E+01,+5.51570446E+01,+5.75348124E+01,+6.22115835E+01,+5.72519812E+01
244,06/01/2025 13:05:59.326,+4.57205426E+01,+5.52678606E+01,+5.73953727E+01,+5.69950483E+01,+5.92942348E+01,+5.43017040E+01,+5.78586669E+01,+6.24036857E+01,+5.63794801E+01
245,06/01/2025 13:06:59.326,+4.57756471E+01,+5.51237554E+01,+5.76587428E+01,+5.70129481E+01,+5.91215896E+01,+5.64723915E+01,+5.78616932E+01,+6.26105097E+01,+5.75145739E+01
246,06/01/2025 13:07:59.326,+4.77475910E+01,+5.63309887E+01,+5.75992958E+01,+5.76206775E+01,+5.97038770E+01,+5.69545935E+01,+5.83731728E+01,+6.29543107E+01,+5.83513381E+01
247,06/01/2025 13:08:59.326,+4.69882339E+01,+5.56885131E+01,+5.63565677E+01,+5.75777898E+01,+5.87377360E+01,+5.52694091E+01,+5.79729834E+01,+6.27699710E+01,+5.74059240E+01
248,06/01/2025 13:09:59.326,+4.47682684E+01,+5.35961795E+01,+5.52413465E+01,+5.62054547E+01,+5.73263602E+01,+5.51308914E+01,+5.65519030E+01,+6.10639623E+01,+5.62859957E+01
249,06/01/2025 13:10:59.326,+4.64516124E+01,+5.39713779E+01,+5.47731898E+01,+5.66213946E+01,+5.76555057E+01,+5.37385220E+01,+5.70772632E+01,+6.16559680E+01,+5.64152183E+01
250,06/01/2025 13:11:59.326,+4.46845603E+01,+5.36908513E+01,+5.44552329E+01,+5.66019188E+01,+5.78571175E+01,+5.29564437E+01,+5.69276445E+01,+6.09574382E+01,+5.61942294E+01
251,06/01/2025 13:12:59.326,+4.65659268E+01,+5.44665878E+01,+5.48219743E+01,+5.67994443E+01,+5.78710315E+01,+5.43770582E+01,+5.70407119E+01,+6.16268127E+01,+5.66963317E+01
252,06/01/2025 13:13:59.326,+4.82433351E+01,+5.49478721E+01,+5.41530609E+01,+5.72204231E+01,+5.82010140E+01,+5.28974241E+01,+5.73990937E+01,+6.13930032E+01,+5.61243842E+01
253,06/01/2025 13:14:59.326,+4.50637534E+01,+5.39779226E+01,+5.50676555E+01,+5.68242384E+01,+5.77042607E+01,+5.35420920E+01,+5.72216400E+01,+6.14108826E+01,+5.58663415E+01
254,06/01/2025 13:15:59.326,+4.74179475E+01,+5.50094531E+01,+5.49770689E+01,+5.72622399E+01,+5.84470481E+01,+5.45824322E+01,+5.71855078E+01,+6.15803884E+01,+5.63626320E+01
255,06/01/2025 13:16:59.326,+4.79266958E+01,+5.58370742E+01,+5.63712054E+01,+5.78923828E+01,+5.87789997E+01,+5.44469951E+01,+5.81907417E+01,+6.21881523E+01,+5.73648241E+01
256,06/01/2025 13:17:59.326,+4.78421228E+01,+5.58787911E+01,+5.65830393E+01,+5.78527650E+01,+5.84778580E+01,+5.55827956E+01,+5.72596994E+01,+6.21099974E+01,+5.67723053E+01
257,06/01/2025 13:18:59.326,+4.63993707E+01,+5.55781247E+01,+5.68566733E+01,+5.77575122E+01,+5.91555862E+01,+5.58534178E+01,+5.81308418E+01,+6.23366071E+01,+5.70153991E+01
258,06/01/2025 13:19:59.326,+4.73877559E+01,+5.61661522E+01,+5.68063950E+01,+5.80156571E+01,+5.94249855E+01,+5.50467008E+01,+5.82307656E+01,+6.28299676E+01,+5.72221911E+01
259,06/01/2025 13:20:59.326,+4.70516985E+01,+5.60760193E+01,+5.73137368E+01,+5.82857992E+01,+5.94147783E+01,+5.40835868E+01,+5.83377150E+01,+6.26429711E+01,+5.61689378E+01
260,06/01/2025 13:21:59.326,+4.81257812E+01,+5.65545857E+01,+5.76821843E+01,+5.84592940E+01,+5.98876140E+01,+5.62321696E+01,+5.85498421E+01,+6.32076861E+01,+5.76227372E+01
261,06/01/2025 13:22:59.326,+4.70812015E+01,+5.60360098E+01,+5.75613370E+01,+5.83476919E+01,+5.98292806E+01,+5.67250911E+01,+5.89579354E+01,+6.30917297E+01,+5.71747704E+01
262,06/01/2025 13:23:59.326,+4.77986339E+01,+5.60646237E+01,+5.67363588E+01,+5.82065094E+01,+5.92885839E+01,+5.55794455E+01,+5.81101074E+01,+6.29095663E+01,+5.77527508E+01
263,06/01/2025 13:24:59.326,+4.92984358E+01,+5.70317225E+01,+5.75915359E+01,+5.85759803E+01,+5.99502691E+01,+5.61385051E+01,+5.87342852E+01,+6.31157503E+01,+5.87036706E+01
264,06/01/2025 13:25:59.326,+4.71226793E+01,+5.55582997E+01,+5.68775342E+01,+5.85984234E+01,+5.94580905E+01,+5.57417214E+01,+5.81342329E+01,+6.30786072E+01,+5.76122961E+01
265,06/01/2025 13:26:59.326,+4.81121808E+01,+5.62320290E+01,+5.69247630E+01,+5.85775566E+01,+5.97898664E+01,+5.67772766E+01,+5.89408892E+01,+6.35120511E+01,+5.89975768E+01
266,06/01/2025 13:27:59.326,+5.03165588E+01,+5.74786607E+01,+5.77712945E+01,+5.88801661E+01,+6.01911416E+01,+5.76436323E+01,+5.91464377E+01,+6.29667649E+01,+5.85266513E+01
267,06/01/2025 13:28:59.326,+4.75591382E+01,+5.70270860E+01,+5.84328283E+01,+5.90546369E+01,+5.98396270E+01,+5.55344438E+01,+5.86547103E+01,+6.30669339E+01,+5.77446111E+01
268,06/01/2025 13:29:59.326,+4.79508458E+01,+5.67820157E+01,+5.81139861E+01,+5.87706002E+01,+6.03967081E+01,+5.76811411E+01,+5.90144224E+01,+6.34296900E+01,+5.84590786E+01
269,06/01/2025 13:30:59.326,+4.98977882E+01,+5.74254395E+01,+5.70832765E+01,+5.92773148E+01,+6.02507472E+01,+5.50130045E+01,+5.87999030E+01,+6.34171801E+01,+5.76699225E+01
270,06/01/2025 13:31:59.326,+4.90238896E+01,+5.73850962E+01,+5.72964777E+01,+5.87161468E+01,+5.99167900E+01,+5.51705290E+01,+5.86943636E+01,+6.31153971E+01,+5.74161793E+01
271,06/01/2025 13:32:59.326,+4.82277082E+01,+5.74150668E+01,+5.88789344E+01,+5.91668847E+01,+6.03762355E+01,+5.80226380E+01,+5.88634305E+01,+6.31630150E+01,+5.75940824E+01
272,06/01/2025 13:33:59.326,+4.83238926E+01,+5.76119934E+01,+5.88389974E+01,+5.90575381E+01,+6.06557575E+01,+5.86304588E+01,+5.93602410E+01,+6.39216730E+01,+5.91999017E+01
273,06/01/2025 13:34:59.326,+4.89514703E+01,+5.74848126E+01,+5.82760639E+01,+5.88046934E+01,+6.00791546E+01,+5.79790025E+01,+5.87235810E+01,+6.32318778E+01,+5.72152853E+01
274,06/01/2025 13:35:59.326,+5.10252068E+01,+5.86768729E+01,+5.95109455E+01,+5.97272174E+01,+6.10601994E+01,+5.89733100E+01,+5.95891049E+01,+6.40161279E+01,+5.88070657E+01
275,06/01/2025 13:36:59.326,+5.05971354E+01,+5.87361624E+01,+5.88743539E+01,+5.97282971E+01,+6.05315395E+01,+5.90912716E+01,+5.98714525E+01,+6.42953271E+01,+5.91778751E+01
276,06/01/2025 13:37:59.326,+5.05053620E+01,+5.92909284E+01,+6.00631295E+01,+6.03565530E+01,+6.14375976E+01,+5.92619488E+01,+6.03324058E+01,+6.45904064E+01,+5.93665064E+01
277,06/01/2025 13:38:59.326,+5.18736067E+01,+5.93876545E+01,+5.99229336E+01,+6.04526558E+01,+6.15483957E+01,+5.79606153E+01,+6.02229369E+01,+6.44528501E+01,+5.87735253E+01
278,06/01/2025 13:39:59.326,+5.06340969E+01,+5.92660874E+01,+5.96297093E+01,+6.02540583E+01,+6.13493304E+01,+5.93398142E+01,+6.00235742E+01,+6.44153597E+01,+5.89523074E+01
279,06/01/2025 13:40:59.326,+5.04449431E+01,+5.89865615E+01,+6.02545909E+01,+6.00792915E+01,+6.13512864E+01,+5.68457185E+01,+5.97956026E+01,+6.40724602E+01,+5.87147790E+01
280,06/01/2025 13:41:59.326,+5.09960263E+01,+5.87757094E+01,+5.94956148E+01,+6.00144939E+01,+6.03652724E+01,+5.85988441E+01,+5.98572981E+01,+6.31836231E+01,+5.74914663E+01
281,06/01/2025 13:42:59.326,+4.83262298E+01,+5.85905659E+01,+5.99335168E+01,+6.02621023E+01,+6.11186180E+01,+5.89682400E+01,+5.96036969E+01,+6.38833819E+01,+5.82087952E+01
282,06/01/2025 13:43:59.326,+4.87248149E+01,+5.85758014E+01,+6.02420319E+01,+6.01043136E+01,+6.12757744E+01,+5.88716043E+01,+6.02084699E+01,+6.45902760E+01,+5.96271033E+01
283,06/01/2025 13:44:59.326,+5.01082370E+01,+5.90990960E+01,+5.87279569E+01,+5.97952819E+01,+6.12670134E+01,+5.91728568E+01,+5.92707253E+01,+6.41700988E+01,+5.89437421E+01
284,06/01/2025 13:45:59.326,+4.96591754E+01,+5.87897206E+01,+5.83795998E+01,+6.00398927E+01,+6.07333583E+01,+5.80356863E+01,+5.98080184E+01,+6.46228311E+01,+5.91737788E+01
285,06/01/2025 13:46:59.326,+5.15901075E+01,+5.92264142E+01,+5.86478300E+01,+5.98957130E+01,+6.13694548E+01,+5.69660341E+01,+5.96118401E+01,+6.41150057E+01,+5.90175225E+01
286,06/01/2025 13:47:59.326,+5.04800883E+01,+5.87355224E+01,+5.91912008E+01,+5.98380439E+01,+6.04529977E+01,+5.74462112E+01,+5.90631316E+01,+6.38543868E+01,+5.93917901E+01
287,06/01/2025 13:48:59.326,+4.83559731E+01,+5.82578486E+01,+5.86949625E+01,+5.93741470E+01,+6.05017676E+01,+5.79814116E+01,+5.90456393E+01,+6.37546885E+01,+5.86334367E+01
288,06/01/2025 13:49:59.326,+4.81926045E+01,+5.80215282E+01,+5.82927683E+01,+5.86842417E+01,+6.02376055E+01,+5.71781249E+01,+5.91378696E+01,+6.36707311E+01,+5.86374326E+01
289,06/01/2025 13:50:59.326,+5.00073392E+01,+5.87695580E+01,+5.93158466E+01,+5.94178422E+01,+6.11420241E+01,+5.83233226E+01,+5.98344589E+01,+6.41905960E+01,+5.87299065E+01
290,06/01/2025 13:51:59.326,+4.92235797E+01,+5.83714266E+01,+5.73276609E+01,+5.91790778E+01,+6.07412273E+01,+5.66843231E+01,+5.94544628E+01,+6.35341708E+01,+5.78159120E+01
291,06/01/2025 13:52:59.326,+4.71175772E+01,+5.79042446E+01,+5.92326813E+01,+5.91013297E+01,+6.07983620E+01,+5.83009863E+01,+5.99289322E+01,+6.36707804E+01,+5.88172528E+01
292,06/01/2025 13:53:59.326,+4.67630614E+01,+5.76727074E+01,+5.84462112E+01,+5.86384896E+01,+6.04760228E+01,+5.75883721E+01,+5.95167662E+01,+6.37225367E+01,+5.83123664E+01
293,06/01/2025 13:54:59.326,+4.69265148E+01,+5.76407053E+01,+5.96063245E+01,+5.94646701E+01,+6.11505650E+01,+5.87124019E+01,+5.93643476E+01,+6.35144025E+01,+5.90135107E+01
294,06/01/2025 13:55:59.326,+4.74055116E+01,+5.74888564E+01,+6.01111957E+01,+5.96302364E+01,+6.08489510E+01,+5.79069031E+01,+5.99489034E+01,+6.37106882E+01,+5.82056870E+01
295,06/01/2025 13:56:59.326,+4.72008262E+01,+5.78033742E+01,+5.97279854E+01,+5.94998315E+01,+6.09796347E+01,+5.76976775E+01,+5.97289099E+01,+6.43792362E+01,+5.91762843E+01
296,06/01/2025 13:57:59.326,+4.65915711E+01,+5.71041929E+01,+5.84735425E+01,+5.92830607E+01,+6.06079644E+01,+5.61654933E+01,+5.94123558E+01,+6.37966407E+01,+5.88623605E+01
297,06/01/2025 13:58:59.326,+4.54623978E+01,+5.63808897E+01,+5.80880588E+01,+5.89519206E+01,+6.04300771E+01,+5.59831249E+01,+5.92957018E+01,+6.28714001E+01,+5.75313591E+01
298,06/01/2025 13:59:59.326,+4.59150943E+01,+5.67097662E+01,+5.87496168E+01,+5.86344113E+01,+6.04325916E+01,+5.80892210E+01,+5.96095318E+01,+6.39695092E+01,+5.79196494E+01
299,06/01/2025 14:00:59.326,+4.79548081E+01,+5.75691053E+01,+5.75994243E+01,+5.89338153E+01,+6.06734607E+01,+5.46734517E+01,+5.93207986E+01,+6.36249211E+01,+5.79554401E+01
300,06/01/2025 14:01:59.326,+4.58876004E+01,+5.67458814E+01,+5.82838617E+01,+5.88866176E+01,+6.01690254E+01,+5.58115657E+01,+5.90205399E+01,+6.33363443E+01,+5.82077923E+01
301,06/01/2025 14:02:59.326,+4.73244586E+01,+5.70668759E+01,+5.89445271E+01,+5.87030274E+01,+6.04577589E+01,+5.75542482E+01,+5.95586373E+01,+6.41478134E+01,+5.84372948E+01
302,06/01/2025 14:03:59.326,+4.48876026E+01,+5.60294800E+01,+5.81696165E+01,+5.79443781E+01,+6.04848172E+01,+5.56485455E+01,+5.92474240E+01,+6.33089540E+01,+5.72863019E+01
303,06/01/2025 14:04:59.326,+4.64348824E+01,+5.72180723E+01,+5.93790031E+01,+5.94821771E+01,+6.08103074E+01,+5.67230094E+01,+5.99208926E+01,+6.38868892E+01,+5.80099334E+01
304,06/01/2025 14:05:59.326,+4.83358543E+01,+5.82502023E+01,+6.00147795E+01,+5.97805536E+01,+6.12260403E+01,+5.73580979E+01,+5.99478081E+01,+6.43531924E+01,+5.87790313E+01
305,06/01/2025 14:06:59.326,+4.66235452E+01,+5.70793910E+01,+5.83577912E+01,+5.91523381E+01,+6.02772436E+01,+5.67841519E+01,+5.91772384E+01,+6.37845781E+01,+5.81004163E+01
306,06/01/2025 14:07:59.326,+4.69876713E+01,+5.76379861E+01,+5.96023324E+01,+5.88198472E+01,+6.08050537E+01,+5.80582287E+01,+5.99616054E+01,+6.45878679E+01,+5.95239889E+01
307,06/01/2025 14:08:59.326,+4.68426287E+01,+5.76818973E+01,+5.89233577E+01,+5.93788625E+01,+6.10515466E+01,+5.85351420E+01,+6.01138235E+01,+6.43604952E+01,+5.94601098E+01
308,06/01/2025 14:09:59.326,+4.64514435E+01,+5.71181017E+01,+5.89641200E+01,+5.91019251E+01,+6.10082592E+01,+5.67570700E+01,+5.96222851E+01,+6.38505867E+01,+5.84994466E+01
309,06/01/2025 14:10:59.326,+4.79957796E+01,+5.83247081E+01,+6.02402424E+01,+5.98652960E+01,+6.16387835E+01,+5.95336996E+01,+6.03396954E+01,+6.47573667E+01,+5.93467039E+01
310,06/01/2025 14:11:59.326,+4.81662527E+01,+5.79210956E+01,+5.97008304E+01,+5.95586421E+01,+6.17197061E+01,+5.91590423E+01,+6.04804564E+01,+6.45538866E+01,+5.96342729E+01
311,06/01/2025 14:12:59.326,+4.79336855E+01,+5.81504820E+01,+6.02699969E+01,+5.95646053E+01,+6.18565503E+01,+5.94625065E+01,+6.05663540E+01,+6.45043827E+01,+5.86442067E+01
312,06/01/2025 14:13:59.326,+4.80914105E+01,+5.75657509E+01,+6.02844724E+01,+5.97454864E+01,+6.13422531E+01,+5.84378098E+01,+6.01214635E+01,+6.44660263E+01,+5.86636026E+01
313,06/01/2025 14:14:59.326,+4.62275305E+01,+5.72684871E+01,+5.85825742E+01,+5.90442384E+01,+6.11624040E+01,+5.81561154E+01,+6.02400312E+01,+6.41949334E+01,+5.82296356E+01
314,06/01/2025 14:15:59.326,+4.61959398E+01,+5.70897632E+01,+5.91307948E+01,+5.92717995E+01,+6.11440367E+01,+5.86736015E+01,+6.01158451E+01,+6.46545368E+01,+5.86992620E+01
315,06/01/2025 14:16:59.326,+4.72735833E+01,+5.69896936E+01,+5.97086986E+01,+5.92900728E+01,+6.14062496E+01,+5.77836396E+01,+6.04840810E+01,+6.44110334E+01,+5.85902090E+01
316,06/01/2025 14:17:59.326,+4.72705360E+01,+5.72691251E+01,+5.95080659E+01,+5.94989354E+01,+6.09260460E+01,+5.86113444E+01,+5.99613949E+01,+6.43595025E+01,+5.87981568E+01
317,06/01/2025 14:18:59.326,+4.93057808E+01,+5.73780435E+01,+5.90904392E+01,+5.96413512E+01,+6.13718421E+01,+5.81676106E+01,+6.03667418E+01,+6.47789260E+01,+5.98884234E+01
318,06/01/2025 14:19:59.326,+5.12161185E+01,+5.84101044E+01,+5.92550242E+01,+6.02848932E+01,+6.13398928E+01,+5.92448501E+01,+6.06665632E+01,+6.43791694E+01,+5.88637259E+01
319,06/01/2025 14:20:59.326,+5.09812929E+01,+5.92022656E+01,+5.89369923E+01,+6.05185506E+01,+6.17921400E+01,+5.92128640E+01,+6.09701722E+01,+6.52468091E+01,+6.00302345E+01
320,06/01/2025 14:21:59.326,+5.02811382E+01,+5.93309352E+01,+5.97162502E+01,+6.06535444E+01,+6.17118635E+01,+5.97109671E+01,+6.10937015E+01,+6.52211193E+01,+6.02834822E+01
321,06/01/2025 14:22:59.326,+4.99594242E+01,+5.95468085E+01,+6.08326854E+01,+6.08488948E+01,+6.24998047E+01,+5.99867670E+01,+6.14943997E+01,+6.53036652E+01,+6.00058427E+01
322,06/01/2025 14:23:59.326,+4.92717893E+01,+5.90690495E+01,+5.95641396E+01,+6.10374133E+01,+6.19993419E+01,+5.90476452E+01,+6.09687140E+01,+6.54316692E+01,+6.04459757E+01
323,06/01/2025 14:24:59.326,+4.73916302E+01,+5.80279842E+01,+5.96251759E+01,+6.01754551E+01,+6.13030839E+01,+5.93872045E+01,+6.09661425E+01,+6.46703224E+01,+5.93378970E+01
324,06/01/2025 14:25:59.326,+4.77081051E+01,+5.92296118E+01,+6.04803374E+01,+6.12708490E+01,+6.26880668E+01,+5.90730514E+01,+6.14409254E+01,+6.58077575E+01,+6.02325598E+01
325,06/01/2025 14:26:59.326,+4.99847995E+01,+6.00848898E+01,+6.17940887E+01,+6.14958512E+01,+6.30795315E+01,+6.01601608E+01,+6.18764405E+01,+6.63186253E+01,+6.12432052E+01
326,06/01/2025 14:27:59.326,+5.29942307E+01,+6.07165728E+01,+6.27174519E+01,+6.24356735E+01,+6.32505062E+01,+6.13423390E+01,+6.22405233E+01,+6.63964506E+01,+6.06934856E+01
327,06/01/2025 14:28:59.326,+5.14952042E+01,+6.07215690E+01,+6.19356349E+01,+6.19613091E+01,+6.36950977E+01,+6.17301057E+01,+6.18559441E+01,+6.65801896E+01,+6.12757655E+01
328,06/01/2025 14:29:59.326,+5.26649100E+01,+6.11106427E+01,+6.15917494E+01,+6.21500542E+01,+6.32959695E+01,+6.09729876E+01,+6.20537848E+01,+6.58689791E+01,+6.14368082E+01
329,06/01/2025 14:30:59.326,+5.14423836E+01,+6.13317443E+01,+6.24553901E+01,+6.22387938E+01,+6.40193283E+01,+6.00101398E+01,+6.21404763E+01,+6.63603001E+01,+6.13986074E+01
330,06/01/2025 14:31:59.326,+5.30597153E+01,+6.17482742E+01,+6.28851423E+01,+6.20667948E+01,+6.38504306E+01,+6.22999246E+01,+6.26520753E+01,+6.68926428E+01,+6.23253406E+01
331,06/01/2025 14:32:59.326,+5.08856485E+01,+6.13697570E+01,+6.24085623E+01,+6.27151435E+01,+6.38631969E+01,+6.30069929E+01,+6.25569735E+01,+6.74042382E+01,+6.21657529E+01
332,06/01/2025 14:33:59.326,+5.28184857E+01,+6.23821057E+01,+6.25160191E+01,+6.30800246E+01,+6.47081115E+01,+6.21111645E+01,+6.29992551E+01,+6.68851496E+01,+6.20038968E+01
333,06/01/2025 14:34:59.326,+5.32281090E+01,+6.20696606E+01,+6.27984536E+01,+6.20962080E+01,+6.40201546E+01,+6.17117826E+01,+6.19795293E+01,+6.67847450E+01,+6.14560762E+01
334,06/01/2025 14:35:59.326,+5.19224332E+01,+6.18192394E+01,+6.23300850E+01,+6.24428537E+01,+6.41586318E+01,+6.13705902E+01,+6.24521323E+01,+6.66516773E+01,+6.18484368E+01
335,06/01/2025 14:36:59.326,+5.11825703E+01,+6.20707948E+01,+6.30548225E+01,+6.26681922E+01,+6.41787675E+01,+6.14955842E+01,+6.24383698E+01,+6.68868929E+01,+6.19895398E+01
336,06/01/2025 14:37:59.326,+5.15214526E+01,+6.21237481E+01,+6.30890200E+01,+6.25812149E+01,+6.41974968E+01,+6.19390622E+01,+6.30320838E+01,+6.71737352E+01,+6.17756316E+01
337,06/01/2025 14:38:59.326,+4.82855474E+01,+6.01883909E+01,+6.09369407E+01,+6.17667589E+01,+6.29846882E+01,+5.99319480E+01,+6.21656240E+01,+6.64774817E+01,+6.10444238E+01
338,06/01/2025 14:39:59.326,+5.24240009E+01,+6.16896285E+01,+6.25159488E+01,+6.29182147E+01,+6.42025402E+01,+6.15055818E+01,+6.36386147E+01,+6.71160044E+01,+6.13286714E+01
339,06/01/2025 14:40:59.326,+5.19344753E+01,+6.15279716E+01,+6.02442106E+01,+6.25441484E+01,+6.31747282E+01,+6.06361571E+01,+6.15976563E+01,+6.53718358E+01,+6.02622003E+01
340,06/01/2025 14:41:59.326,+4.91533029E+01,+6.07088453E+01,+6.19681552E+01,+6.23452392E+01,+6.32599411E+01,+6.06052875E+01,+6.27870375E+01,+6.59808648E+01,+5.98226965E+01
341,06/01/2025 14:42:59.326,+5.16805704E+01,+6.18226152E+01,+6.06320698E+01,+6.27141313E+01,+6.36272580E+01,+6.06841099E+01,+6.30671789E+01,+6.68845872E+01,+6.18291416E+01
342,06/01/2025 14:43:59.326,+4.83585593E+01,+5.94844385E+01,+6.12948413E+01,+6.14796664E+01,+6.32950795E+01,+6.07685144E+01,+6.22168446E+01,+6.53018443E+01,+6.00382782E+01
343,06/01/2025 14:44:59.326,+4.99008587E+01,+5.86936563E+01,+5.75662060E+01,+6.09446750E+01,+6.19843541E+01,+5.71619227E+01,+6.13360897E+01,+6.47260104E+01,+5.86559079E+01
344,06/01/2025 14:45:59.326,+5.07865201E+01,+5.96270972E+01,+5.97910260E+01,+6.14614218E+01,+6.24551365E+01,+5.93608207E+01,+6.17049288E+01,+6.54087202E+01,+6.01771337E+01
345,06/01/2025 14:46:59.326,+5.25667173E+01,+6.01836507E+01,+6.05016943E+01,+6.16670502E+01,+6.33480246E+01,+5.95760659E+01,+6.23064297E+01,+6.62751846E+01,+6.12769157E+01
346,06/01/2025 14:47:59.326,+4.97245122E+01,+5.79510572E+01,+5.83655169E+01,+5.95763212E+01,+6.14236729E+01,+5.86927692E+01,+6.00945036E+01,+6.40647972E+01,+5.88364092E+01
347,06/01/2025 14:48:59.326,+4.92445155E+01,+5.72727636E+01,+5.86310122E+01,+5.85516158E+01,+6.05235333E+01,+5.74598871E+01,+5.94360036E+01,+6.29877664E+01,+5.87769154E+01
348,06/01/2025 14:49:59.326,+4.83371771E+01,+5.68024629E+01,+5.74892424E+01,+5.81712903E+01,+5.93851082E+01,+5.61288448E+01,+5.86747198E+01,+6.22031725E+01,+5.72597835E+01
349,06/01/2025 14:50:59.326,+4.86126793E+01,+5.70573041E+01,+5.81542158E+01,+5.83914309E+01,+6.00521269E+01,+5.67093103E+01,+5.93450622E+01,+6.30966515E+01,+5.80432126E+01
350,06/01/2025 14:51:59.326,+4.81835604E+01,+5.68824858E+01,+5.79401243E+01,+5.82952056E+01,+5.97812036E+01,+5.56489042E+01,+5.93138036E+01,+6.28533581E+01,+5.79881670E+01
351,06/01/2025 14:52:59.326,+4.72166336E+01,+5.70253737E+01,+5.82154220E+01,+5.90168162E+01,+6.02540751E+01,+5.71636206E+01,+5.92125253E+01,+6.32166874E+01,+5.77056708E+01
352,06/01/2025 14:53:59.326,+4.72121120E+01,+5.69835975E+01,+5.88922303E+01,+5.86451191E+01,+6.03220049E+01,+5.89090176E+01,+5.95502526E+01,+6.37444990E+01,+5.90823468E+01
353,06/01/2025 14:54:59.326,+4.53194404E+01,+5.57773166E+01,+5.72118587E+01,+5.76973734E+01,+5.93367309E+01,+5.62046639E+01,+5.87840322E+01,+6.29448079E+01,+5.84076266E+01
354,06/01/2025 14:55:59.326,+4.67646313E+01,+5.67495782E+01,+5.86078964E+01,+5.87004579E+01,+6.06602327E+01,+5.63371935E+01,+5.96752942E+01,+6.36867472E+01,+5.85626343E+01
355,06/01/2025 14:56:59.326,+4.55233940E+01,+5.53171736E+01,+5.72476803E+01,+5.78583776E+01,+5.88921861E+01,+5.58186855E+01,+5.85740296E+01,+6.25445411E+01,+5.73565170E+01
356,06/01/2025 14:57:59.326,+4.52137410E+01,+5.56126387E+01,+5.78100205E+01,+5.79531329E+01,+5.95636192E+01,+5.51251310E+01,+5.89733736E+01,+6.29002762E+01,+5.79962578E+01
357,06/01/2025 14:58:59.326,+4.54300115E+01,+5.53241487E+01,+5.78413794E+01,+5.74579783E+01,+5.92542997E+01,+5.63415396E+01,+5.85194581E+01,+6.28141814E+01,+5.80928007E+01
358,06/01/2025 14:59:59.326,+4.53712053E+01,+5.47093997E+01,+5.62536985E+01,+5.73072887E+01,+5.84679007E+01,+5.55822022E+01,+5.81732280E+01,+6.23246809E+01,+5.72757406E+01
359,06/01/2025 15:00:59.326,+4.60523665E+01,+5.52545065E+01,+5.71388028E+01,+5.73103299E+01,+5.92135402E+01,+5.64395687E+01,+5.82850861E+01,+6.21310971E+01,+5.75846613E+01
360,06/01/2025 15:01:59.326,+4.67315649E+01,+5.59381786E+01,+5.77848700E+01,+5.78503643E+01,+5.92525281E+01,+5.72949655E+01,+5.89961176E+01,+6.31347675E+01,+5.86308456E+01
361,06/01/2025 15:02:59.326,+4.43996671E+01,+5.49007747E+01,+5.78687239E+01,+5.77064665E+01,+5.93190244E+01,+5.53616596E+01,+5.87314251E+01,+6.23065133E+01,+5.77580596E+01
362,06/01/2025 15:03:59.326,+4.64448107E+01,+5.47108474E+01,+5.68306782E+01,+5.70190323E+01,+5.75013641E+01,+5.67219584E+01,+5.85467569E+01,+6.20569779E+01,+5.69414515E+01
363,06/01/2025 15:04:59.326,+4.54470007E+01,+5.48791631E+01,+5.62094416E+01,+5.76329773E+01,+5.87667571E+01,+5.60768272E+01,+5.79472146E+01,+6.21642273E+01,+5.75569701E+01
364,06/01/2025 15:05:59.326,+4.56310541E+01,+5.44123145E+01,+5.70555762E+01,+5.67901623E+01,+5.88261786E+01,+5.58661865E+01,+5.81968148E+01,+6.20867933E+01,+5.64052189E+01
365,06/01/2025 15:06:59.326,+4.74842527E+01,+5.56537752E+01,+5.65552343E+01,+5.77333490E+01,+5.90303089E+01,+5.55976014E+01,+5.84923728E+01,+6.21508520E+01,+5.68409300E+01
366,06/01/2025 15:07:59.326,+4.56103501E+01,+5.41938613E+01,+5.62594366E+01,+5.66469912E+01,+5.80758609E+01,+5.52622678E+01,+5.73579685E+01,+6.13444198E+01,+5.61173147E+01
367,06/01/2025 15:08:59.326,+4.54705031E+01,+5.43999693E+01,+5.64580351E+01,+5.65217006E+01,+5.79219779E+01,+5.62913180E+01,+5.76409622E+01,+6.16864192E+01,+5.69129091E+01
368,06/01/2025 15:09:59.326,+4.65664814E+01,+5.43441262E+01,+5.56113449E+01,+5.66016548E+01,+5.81168429E+01,+5.48757816E+01,+5.73406876E+01,+6.15931584E+01,+5.71729879E+01
369,06/01/2025 15:10:59.326,+4.51195099E+01,+5.39237816E+01,+5.58988562E+01,+5.65127557E+01,+5.82922662E+01,+5.58438456E+01,+5.75898273E+01,+6.18426926E+01,+5.67244176E+01
370,06/01/2025 15:11:59.326,+4.49059984E+01,+5.38090930E+01,+5.59200007E+01,+5.59471240E+01,+5.73917473E+01,+5.56961071E+01,+5.73334372E+01,+6.14794646E+01,+5.67550235E+01
371,06/01/2025 15:12:59.326,+4.36177633E+01,+5.31155483E+01,+5.53115716E+01,+5.54393779E+01,+5.79271441E+01,+5.56891213E+01,+5.70958984E+01,+6.14955065E+01,+5.66841390E+01
372,06/01/2025 15:13:59.326,+4.70467566E+01,+5.45962820E+01,+5.55868574E+01,+5.67064189E+01,+5.80074682E+01,+5.42269104E+01,+5.70054605E+01,+6.14847629E+01,+5.67658698E+01
373,06/01/2025 15:14:59.326,+4.86161765E+01,+5.49764625E+01,+5.48206746E+01,+5.68559388E+01,+5.80064635E+01,+5.49137009E+01,+5.72474083E+01,+6.05910920E+01,+5.65596470E+01
374,06/01/2025 15:15:59.326,+4.67671237E+01,+5.50066955E+01,+5.59896128E+01,+5.65598868E+01,+5.80199026E+01,+5.61847633E+01,+5.73839597E+01,+6.15466203E+01,+5.68773192E+01
375,06/01/2025 15:16:59.326,+4.84015933E+01,+5.52827606E+01,+5.37553909E+01,+5.68019000E+01,+5.80017838E+01,+5.53170726E+01,+5.73955352E+01,+6.11636729E+01,+5.60759583E+01
376,06/01/2025 15:17:59.326,+4.70049514E+01,+5.52575376E+01,+5.58216365E+01,+5.71060444E+01,+5.85725357E+01,+5.66553321E+01,+5.80633974E+01,+6.18110184E+01,+5.74569305E+01
377,06/01/2025 15:18:59.326,+4.80296576E+01,+5.56658971E+01,+5.60913409E+01,+5.70162268E+01,+5.81616101E+01,+5.64568299E+01,+5.77615035E+01,+6.19558987E+01,+5.71379450E+01
378,06/01/2025 15:19:59.326,+4.78828189E+01,+5.58976561E+01,+5.64383160E+01,+5.73106279E+01,+5.87181922E+01,+5.65069371E+01,+5.81186939E+01,+6.21951252E+01,+5.65371285E+01
379,06/01/2025 15:20:59.326,+4.90728604E+01,+5.61273208E+01,+5.59279605E+01,+5.76215264E+01,+5.84004434E+01,+5.43815490E+01,+5.73999450E+01,+6.11543353E+01,+5.58820372E+01
380,06/01/2025 15:21:59.326,+4.77878273E+01,+5.55897585E+01,+5.62912791E+01,+5.67492879E+01,+5.81191968E+01,+5.65711322E+01,+5.75116881E+01,+6.16172957E+01,+5.67239352E+01
381,06/01/2025 15:22:59.326,+4.81060465E+01,+5.59209738E+01,+5.58713516E+01,+5.71702550E+01,+5.85538925E+01,+5.39115335E+01,+5.73323306E+01,+6.16043715E+01,+5.58549126E+01
382,06/01/2025 15:23:59.326,+4.79565615E+01,+5.64151203E+01,+5.66840860E+01,+5.72141797E+01,+5.85322045E+01,+5.66559432E+01,+5.77775350E+01,+6.19751390E+01,+5.71051109E+01
383,06/01/2025 15:24:59.326,+4.90726145E+01,+5.65053279E+01,+5.65062137E+01,+5.73044276E+01,+5.85159340E+01,+5.50510506E+01,+5.72664817E+01,+6.10462474E+01,+5.61569064E+01
384,06/01/2025 15:25:59.326,+4.98663165E+01,+5.69865857E+01,+5.57537448E+01,+5.73584710E+01,+5.87725202E+01,+5.62788143E+01,+5.77607171E+01,+6.20064362E+01,+5.71609164E+01
385,06/01/2025 15:26:59.326,+4.97807337E+01,+5.74268282E+01,+5.64557875E+01,+5.79355984E+01,+5.89801302E+01,+5.49436511E+01,+5.78973498E+01,+6.17851699E+01,+5.66774951E+01
386,06/01/2025 15:27:59.326,+4.81589660E+01,+5.64286636E+01,+5.72049279E+01,+5.76271684E+01,+5.91298852E+01,+5.54028029E+01,+5.78696101E+01,+6.14935033E+01,+5.61990040E+01
387,06/01/2025 15:28:59.326,+4.75390555E+01,+5.54362303E+01,+5.56514202E+01,+5.69698351E+01,+5.76724166E+01,+5.45607069E+01,+5.70267647E+01,+6.09468481E+01,+5.55960739E+01
388,06/01/2025 15:29:59.326,+4.96106673E+01,+5.63051940E+01,+5.60039471E+01,+5.76337789E+01,+5.81103289E+01,+5.54144011E+01,+5.76783586E+01,+6.17147303E+01,+5.71448012E+01
389,06/01/2025 15:30:59.326,+4.81439145E+01,+5.63132598E+01,+5.70423886E+01,+5.76787605E+01,+5.87457573E+01,+5.60011674E+01,+5.78246227E+01,+6.20826065E+01,+5.73834743E+01
390,06/01/2025 15:31:59.326,+4.78099804E+01,+5.55890803E+01,+5.56183627E+01,+5.69808030E+01,+5.82380352E+01,+5.56806791E+01,+5.74451967E+01,+6.09424436E+01,+5.60369759E+01
391,06/01/2025 15:32:59.326,+4.74976053E+01,+5.55852496E+01,+5.55555404E+01,+5.69825569E+01,+5.80415278E+01,+5.33598980E+01,+5.66869269E+01,+6.10141020E+01,+5.57095703E+01
392,06/01/2025 15:33:59.326,+4.84850987E+01,+5.56424534E+01,+5.51589825E+01,+5.66191273E+01,+5.71295125E+01,+5.39289764E+01,+5.66811469E+01,+6.05172444E+01,+5.52371180E+01
393,06/01/2025 15:34:59.326,+4.77658634E+01,+5.54540775E+01,+5.55304207E+01,+5.63165821E+01,+5.78264648E+01,+5.60652605E+01,+5.71007890E+01,+6.12116215E+01,+5.58523295E+01
394,06/01/2025 15:35:59.326,+4.72798985E+01,+5.50954832E+01,+5.58422897E+01,+5.60640035E+01,+5.73472474E+01,+5.50986596E+01,+5.67653357E+01,+6.07582305E+01,+5.54496220E+01
395,06/01/2025 15:36:59.326,+4.54378790E+01,+5.42806231E+01,+5.54201514E+01,+5.58119228E+01,+5.74591609E+01,+5.51771544E+01,+5.67832498E+01,+6.05881971E+01,+5.50851726E+01
396,06/01/2025 15:37:59.326,+4.60131906E+01,+5.45172654E+01,+5.63001637E+01,+5.57415808E+01,+5.70350651E+01,+5.39665137E+01,+5.62246052E+01,+6.04801093E+01,+5.56092625E+01
397,06/01/2025 15:38:59.352,+4.67952104E+01,+5.48711100E+01,+5.51274520E+01,+5.57169540E+01,+5.75734996E+01,+5.50673530E+01,+5.61833204E+01,+6.04254177E+01,+5.54680251E+01
398,06/01/2025 15:39:59.326,+4.71374354E+01,+5.50508758E+01,+5.55062251E+01,+5.59299363E+01,+5.75252308E+01,+5.42487260E+01,+5.62716839E+01,+6.06509369E+01,+5.57833173E+01
399,06/01/2025 15:40:59.326,+4.52889270E+01,+5.44395014E+01,+5.52603586E+01,+5.54943154E+01,+5.67690619E+01,+5.44978481E+01,+5.62806403E+01,+6.02641765E+01,+5.49319972E+01
400,06/01/2025 15:41:59.326,+4.55052096E+01,+5.33700008E+01,+5.43879027E+01,+5.48476271E+01,+5.65795478E+01,+5.37822220E+01,+5.54588275E+01,+5.93527682E+01,+5.54184509E+01
401,06/01/2025 15:42:59.326,+4.72347062E+01,+5.36177703E+01,+5.41305894E+01,+5.48267668E+01,+5.60039366E+01,+5.38914606E+01,+5.56199922E+01,+5.84979960E+01,+5.40518089E+01
402,06/01/2025 15:43:59.326,+4.62231346E+01,+5.36325803E+01,+5.44166576E+01,+5.47382518E+01,+5.58625473E+01,+5.38478775E+01,+5.53345530E+01,+5.92320094E+01,+5.49335939E+01
403,06/01/2025 15:44:59.326,+4.58538158E+01,+5.28595860E+01,+5.46877542E+01,+5.45266079E+01,+5.58990112E+01,+5.29777711E+01,+5.51344435E+01,+5.91578293E+01,+5.44668929E+01
404,06/01/2025 15:45:59.326,+4.61717843E+01,+5.36091909E+01,+5.52320826E+01,+5.50120061E+01,+5.65087481E+01,+5.50495173E+01,+5.54673264E+01,+5.95807931E+01,+5.54134454E+01
405,06/01/2025 15:46:59.326,+4.68424726E+01,+5.40840628E+01,+5.55550233E+01,+5.53630114E+01,+5.68139039E+01,+5.44159145E+01,+5.57096487E+01,+5.99897083E+01,+5.56701318E+01
406,06/01/2025 15:47:59.326,+4.84823577E+01,+5.49439537E+01,+5.57706058E+01,+5.60500456E+01,+5.71460392E+01,+5.59517507E+01,+5.65185890E+01,+6.05903836E+01,+5.64293736E+01
407,06/01/2025 15:48:59.326,+4.84076103E+01,+5.50103908E+01,+5.41748734E+01,+5.59013366E+01,+5.66165295E+01,+5.52287685E+01,+5.62184249E+01,+5.98756385E+01,+5.49658869E+01
408,06/01/2025 15:49:59.326,+4.74607666E+01,+5.42225265E+01,+5.47835732E+01,+5.53343027E+01,+5.62551353E+01,+5.46330405E+01,+5.56581790E+01,+5.99763231E+01,+5.56624159E+01
409,06/01/2025 15:50:59.326,+4.71951116E+01,+5.38383516E+01,+5.43633827E+01,+5.49713956E+01,+5.62960330E+01,+5.34225430E+01,+5.56437049E+01,+5.93478813E+01,+5.52138869E+01
410,06/01/2025 15:51:59.326,+4.59254402E+01,+5.36930226E+01,+5.45976369E+01,+5.47890466E+01,+5.63869169E+01,+5.39199305E+01,+5.54716268E+01,+5.94461790E+01,+5.51872862E+01
411,06/01/2025 15:52:59.326,+4.43809850E+01,+5.31229821E+01,+5.51272008E+01,+5.50847561E+01,+5.66461601E+01,+5.35588825E+01,+5.53632887E+01,+5.93090807E+01,+5.49438293E+01
412,06/01/2025 15:53:59.326,+4.62566910E+01,+5.40636117E+01,+5.51055056E+01,+5.54989552E+01,+5.67669082E+01,+5.31943134E+01,+5.57615020E+01,+5.98228730E+01,+5.53016497E+01
413,06/01/2025 15:54:59.326,+4.73838632E+01,+5.39523004E+01,+5.52576083E+01,+5.54360474E+01,+5.55831906E+01,+5.48557500E+01,+5.55885759E+01,+5.95094665E+01,+5.51400129E+01
414,06/01/2025 15:55:59.326,+4.58437211E+01,+5.34626432E+01,+5.52133721E+01,+5.48736374E+01,+5.61227162E+01,+5.39332303E+01,+5.53366383E+01,+5.94559414E+01,+5.48995672E+01
415,06/01/2025 15:56:59.326,+4.58386956E+01,+5.35543303E+01,+5.51517111E+01,+5.48597884E+01,+5.60133847E+01,+5.30468466E+01,+5.53250838E+01,+5.93252961E+01,+5.40229972E+01
416,06/01/2025 15:57:59.326,+4.74892430E+01,+5.42565081E+01,+5.49373583E+01,+5.51116931E+01,+5.62248388E+01,+5.40282783E+01,+5.56149844E+01,+5.97546349E+01,+5.47723563E+01
417,06/01/2025 15:58:59.326,+4.72005546E+01,+5.38746591E+01,+5.48097669E+01,+5.53789624E+01,+5.59829816E+01,+5.30047891E+01,+5.52929715E+01,+5.96537735E+01,+5.42505147E+01
418,06/01/2025 15:59:59.326,+4.61699018E+01,+5.42174382E+01,+5.46480291E+01,+5.52894169E+01,+5.61308728E+01,+5.19540719E+01,+5.53858655E+01,+5.91076179E+01,+5.40111136E+01
419,06/01/2025 16:00:59.326,+4.47101776E+01,+5.34985949E+01,+5.49399250E+01,+5.55548329E+01,+5.61792319E+01,+5.27870521E+01,+5.54526291E+01,+5.91993380E+01,+5.47414254E+01
420,06/01/2025 16:01:59.326,+4.60196066E+01,+5.42022950E+01,+5.53010991E+01,+5.56041549E+01,+5.66747307E+01,+5.50131232E+01,+5.58115366E+01,+5.97466437E+01,+5.51789315E+01
421,06/01/2025 16:02:59.326,+4.72459453E+01,+5.39601784E+01,+5.43631011E+01,+5.50526927E+01,+5.53927060E+01,+5.39514515E+01,+5.54819037E+01,+5.81933499E+01,+5.41047043E+01
422,06/01/2025 16:03:59.326,+4.88270583E+01,+5.42609665E+01,+5.50001890E+01,+5.53681714E+01,+5.56781216E+01,+5.40261582E+01,+5.54263718E+01,+5.91187301E+01,+5.47244199E+01
423,06/01/2025 16:04:59.326,+4.87510696E+01,+5.47270679E+01,+5.43677512E+01,+5.55018444E+01,+5.57456580E+01,+5.29988673E+01,+5.47590422E+01,+5.88351595E+01,+5.45839083E+01
424,06/01/2025 16:05:59.326,+4.92339085E+01,+5.44774921E+01,+5.49717830E+01,+5.54340169E+01,+5.59781742E+01,+5.25633836E+01,+5.51401690E+01,+5.91393236E+01,+5.43854465E+01
425,06/01/2025 16:06:59.326,+4.85874867E+01,+5.43655720E+01,+5.41571854E+01,+5.53670396E+01,+5.56673767E+01,+5.28514541E+01,+5.48818584E+01,+5.83923847E+01,+5.37235590E+01
426,06/01/2025 16:07:59.326,+4.79223375E+01,+5.43527659E+01,+5.24298327E+01,+5.49190903E+01,+5.50170670E+01,+5.22124746E+01,+5.47755180E+01,+5.80942385E+01,+5.37420250E+01
427,06/01/2025 16:08:59.326,+4.64665391E+01,+5.33129080E+01,+5.31225892E+01,+5.44014259E+01,+5.50800613E+01,+5.26129639E+01,+5.44395724E+01,+5.74620155E+01,+5.32736128E+01
428,06/01/2025 16:09:59.326,+4.59849246E+01,+5.31159199E+01,+5.31496949E+01,+5.44104637E+01,+5.52738660E+01,+5.29597078E+01,+5.43126914E+01,+5.76658660E+01,+5.36383349E+01
429,06/01/2025 16:10:59.326,+4.61953235E+01,+5.32990428E+01,+5.37697506E+01,+5.45582533E+01,+5.51612310E+01,+5.24016315E+01,+5.43384942E+01,+5.80220984E+01,+5.39394372E+01
430,06/01/2025 16:11:59.326,+4.65339928E+01,+5.29942320E+01,+5.27457061E+01,+5.39203945E+01,+5.50903877E+01,+5.23836397E+01,+5.38955823E+01,+5.74815780E+01,+5.33271322E+01
431,06/01/2025 16:12:59.326,+4.60876687E+01,+5.30345803E+01,+5.34032739E+01,+5.38251091E+01,+5.50264311E+01,+5.27915563E+01,+5.43877969E+01,+5.78710726E+01,+5.31336727E+01
432,06/01/2025 16:13:59.326,+4.63427243E+01,+5.29063981E+01,+5.27874070E+01,+5.39386255E+01,+5.50071957E+01,+5.23663643E+01,+5.41891175E+01,+5.78111069E+01,+5.31759139E+01
433,06/01/2025 16:14:59.326,+4.61464584E+01,+5.23568718E+01,+5.12626752E+01,+5.32330689E+01,+5.38307760E+01,+5.10516957E+01,+5.34109865E+01,+5.73921556E+01,+5.25650855E+01
434,06/01/2025 16:15:59.326,+4.57350352E+01,+5.11663740E+01,+5.18099009E+01,+5.29607330E+01,+5.36595672E+01,+5.07026197E+01,+5.32141418E+01,+5.64188195E+01,+5.20223428E+01
435,06/01/2025 16:16:59.326,+4.54749026E+01,+5.12503474E+01,+5.13466812E+01,+5.27800568E+01,+5.34681016E+01,+5.11921295E+01,+5.33400000E+01,+5.67811396E+01,+5.22825517E+01
436,06/01/2025 16:17:59.326,+4.37423221E+01,+5.08044771E+01,+5.17997632E+01,+5.24151534E+01,+5.34137170E+01,+5.18256649E+01,+5.32335742E+01,+5.68289208E+01,+5.24833788E+01
437,06/01/2025 16:18:59.326,+4.47782830E+01,+5.11071875E+01,+5.16482811E+01,+5.24020030E+01,+5.35718662E+01,+5.04093358E+01,+5.29152162E+01,+5.67230259E+01,+5.28054487E+01
438,06/01/2025 16:19:59.326,+4.67448320E+01,+5.14482901E+01,+5.12853975E+01,+5.27671878E+01,+5.33651929E+01,+5.10451730E+01,+5.28337180E+01,+5.58951723E+01,+5.22931890E+01
439,06/01/2025 16:20:59.326,+4.45910004E+01,+5.07393746E+01,+5.14760747E+01,+5.24857209E+01,+5.33559830E+01,+5.04160333E+01,+5.27248982E+01,+5.62056444E+01,+5.15761809E+01
440,06/01/2025 16:21:59.326,+4.53106199E+01,+5.09089759E+01,+5.18203030E+01,+5.21959114E+01,+5.30948325E+01,+5.02544115E+01,+5.22673262E+01,+5.55949794E+01,+5.18814457E+01
441,06/01/2025 16:22:59.326,+4.46622209E+01,+5.06885319E+01,+5.18339998E+01,+5.18965536E+01,+5.27373829E+01,+5.14813325E+01,+5.21494773E+01,+5.62211903E+01,+5.24416763E+01
442,06/01/2025 16:23:59.326,+4.47343184E+01,+5.02493047E+01,+5.05234195E+01,+5.17011748E+01,+5.25489255E+01,+5.00077953E+01,+5.17987974E+01,+5.57711432E+01,+5.17657112E+01
443,06/01/2025 16:24:59.326,+4.56556155E+01,+5.06276169E+01,+5.11722014E+01,+5.19939708E+01,+5.29474584E+01,+4.99995226E+01,+5.24822144E+01,+5.59839703E+01,+5.16731163E+01
444,06/01/2025 16:25:59.326,+4.57250437E+01,+5.05933180E+01,+5.10439527E+01,+5.15581785E+01,+5.23612898E+01,+5.08648790E+01,+5.20000343E+01,+5.58467608E+01,+5.15269017E+01
445,06/01/2025 16:26:59.326,+4.47782377E+01,+5.10674442E+01,+5.12516323E+01,+5.22378914E+01,+5.28253888E+01,+5.05413868E+01,+5.24062729E+01,+5.59666896E+01,+5.19383219E+01
446,06/01/2025 16:27:59.365,+4.57651416E+01,+5.12706165E+01,+5.18018059E+01,+5.20184930E+01,+5.28071998E+01,+5.15993054E+01,+5.23391177E+01,+5.63427040E+01,+5.20869702E+01
447,06/01/2025 16:28:59.326,+4.65792258E+01,+5.13099192E+01,+5.11804893E+01,+5.24576407E+01,+5.29814704E+01,+5.06362928E+01,+5.27033235E+01,+5.59680406E+01,+5.20239400E+01
448,06/01/2025 16:29:59.326,+4.57024507E+01,+5.13848172E+01,+5.21557242E+01,+5.26294364E+01,+5.33225352E+01,+5.15550003E+01,+5.29922507E+01,+5.64600767E+01,+5.22947519E+01
449,06/01/2025 16:30:59.326,+4.54114399E+01,+5.02188535E+01,+5.08025953E+01,+5.20240413E+01,+5.24734849E+01,+4.96834321E+01,+5.23219607E+01,+5.56968134E+01,+5.10693901E+01
450,06/01/2025 16:31:59.326,+4.49243762E+01,+4.95982495E+01,+4.90399917E+01,+5.12221618E+01,+5.14593147E+01,+4.84780364E+01,+5.14403509E+01,+5.49097610E+01,+5.05078527E+01
451,06/01/2025 16:32:59.326,+4.32660310E+01,+4.83586347E+01,+4.83223133E+01,+5.01242601E+01,+5.09510069E+01,+4.80979076E+01,+5.06862232E+01,+5.38606175E+01,+4.98234753E+01
452,06/01/2025 16:33:59.326,+4.30936486E+01,+4.83651618E+01,+4.92868440E+01,+5.02481448E+01,+5.10632486E+01,+4.92083484E+01,+5.07915150E+01,+5.43164135E+01,+5.00550416E+01
453,06/01/2025 16:34:59.326,+4.29150985E+01,+4.82859229E+01,+4.94706957E+01,+5.01661590E+01,+5.10736093E+01,+4.91607641E+01,+5.10597971E+01,+5.45237870E+01,+5.05603014E+01
454,06/01/2025 16:35:59.326,+4.34371484E+01,+4.83801311E+01,+4.92426031E+01,+5.01130362E+01,+5.11423560E+01,+4.91025433E+01,+5.10852324E+01,+5.43317686E+01,+5.03671058E+01
455,06/01/2025 16:36:59.326,+4.36381946E+01,+4.86314660E+01,+5.01978197E+01,+5.03661324E+01,+5.15311973E+01,+4.96769647E+01,+5.12010554E+01,+5.45616181E+01,+5.07159179E+01
456,06/01/2025 16:37:59.326,+4.17582555E+01,+4.77619801E+01,+4.89705071E+01,+4.95911882E+01,+5.05438148E+01,+4.80174385E+01,+5.04694560E+01,+5.39011583E+01,+4.99164518E+01
457,06/01/2025 16:38:59.326,+4.19649830E+01,+4.72706048E+01,+4.85754929E+01,+4.91825982E+01,+5.05197654E+01,+4.88712272E+01,+5.01277829E+01,+5.35871152E+01,+4.96645054E+01
458,06/01/2025 16:39:59.326,+4.17635550E+01,+4.75293717E+01,+4.90256540E+01,+4.92783236E+01,+5.05206208E+01,+4.89015116E+01,+5.04246284E+01,+5.41404100E+01,+5.01444078E+01
459,06/01/2025 16:40:59.326,+4.21704906E+01,+4.81696052E+01,+4.94441635E+01,+4.96297643E+01,+5.10343908E+01,+4.99660693E+01,+5.07797037E+01,+5.43091420E+01,+5.05140681E+01
460,06/01/2025 16:41:59.326,+4.31643063E+01,+4.83350124E+01,+4.95188706E+01,+5.00527660E+01,+5.09521186E+01,+4.94264797E+01,+5.07615997E+01,+5.45165419E+01,+5.07343047E+01
461,06/01/2025 16:42:59.326,+4.33160923E+01,+4.83698164E+01,+4.91455589E+01,+4.98470699E+01,+5.09835185E+01,+4.87014556E+01,+5.03993133E+01,+5.45661778E+01,+5.01736006E+01
462,06/01/2025 16:43:59.326,+4.33522641E+01,+4.85772952E+01,+4.97916618E+01,+5.02478817E+01,+5.11021390E+01,+4.97154114E+01,+5.06721746E+01,+5.47016658E+01,+5.11856396E+01
463,06/01/2025 16:44:59.326,+4.26358568E+01,+4.78149342E+01,+4.82626597E+01,+5.00408870E+01,+5.08345968E+01,+4.78644346E+01,+5.00912098E+01,+5.39261434E+01,+4.99204103E+01
464,06/01/2025 16:45:59.326,+4.33469756E+01,+4.83559051E+01,+4.92743882E+01,+4.97286088E+01,+5.08958258E+01,+4.79203965E+01,+5.05226075E+01,+5.41177939E+01,+5.02515098E+01
465,06/01/2025 16:46:59.326,+4.30204730E+01,+4.81105659E+01,+4.95660539E+01,+4.97298823E+01,+5.07574549E+01,+4.95274004E+01,+5.04622258E+01,+5.42605575E+01,+5.06247858E+01
466,06/01/2025 16:47:59.326,+4.21402474E+01,+4.76510891E+01,+4.89707081E+01,+4.93264661E+01,+5.06346920E+01,+4.83029930E+01,+5.02746706E+01,+5.37435490E+01,+4.98710808E+01
467,06/01/2025 16:48:59.326,+4.39139599E+01,+4.80085879E+01,+4.91520479E+01,+4.97084303E+01,+5.08359798E+01,+4.88002567E+01,+5.04739888E+01,+5.40398090E+01,+5.02539526E+01
468,06/01/2025 16:49:59.326,+4.42092111E+01,+4.84080269E+01,+4.87338553E+01,+4.98748613E+01,+5.03824511E+01,+4.80323257E+01,+4.99705775E+01,+5.35806641E+01,+4.98445004E+01
469,06/01/2025 16:50:59.326,+4.42645830E+01,+4.87063417E+01,+4.97991389E+01,+4.99642378E+01,+5.10982285E+01,+4.97345450E+01,+5.03100659E+01,+5.41465690E+01,+5.05676596E+01
470,06/01/2025 16:51:59.326,+4.54537270E+01,+4.92196173E+01,+4.95112721E+01,+5.02898412E+01,+5.05877865E+01,+4.92882751E+01,+5.04432005E+01,+5.42440588E+01,+5.05015853E+01
471,06/01/2025 16:52:59.326,+4.60231657E+01,+4.94257510E+01,+4.86066248E+01,+5.02658441E+01,+5.07888820E+01,+4.85815301E+01,+5.06035710E+01,+5.43294760E+01,+5.04567407E+01
472,06/01/2025 16:53:59.326,+4.63085618E+01,+4.91560042E+01,+4.92670582E+01,+5.02168827E+01,+4.99699208E+01,+4.93278272E+01,+5.03020742E+01,+5.35805042E+01,+4.99319966E+01
473,06/01/2025 16:54:59.326,+4.50926473E+01,+4.90184062E+01,+4.92103334E+01,+5.00069404E+01,+5.01456140E+01,+4.93421968E+01,+5.00861640E+01,+5.37748360E+01,+5.00599711E+01
474,06/01/2025 16:55:59.326,+4.48324330E+01,+4.83739937E+01,+4.81139635E+01,+4.95132415E+01,+4.99739830E+01,+4.81511758E+01,+4.95917339E+01,+5.32114642E+01,+5.00676742E+01
475,06/01/2025 16:56:59.326,+4.50415438E+01,+4.86664938E+01,+4.76740028E+01,+4.96329315E+01,+5.01013940E+01,+4.81421008E+01,+4.99248403E+01,+5.30629633E+01,+4.93784385E+01
476,06/01/2025 16:57:59.326,+4.37384896E+01,+4.79607882E+01,+4.79709717E+01,+4.92148537E+01,+4.97312602E+01,+4.73565656E+01,+4.92343278E+01,+5.26944661E+01,+4.86874853E+01
477,06/01/2025 16:58:59.326,+4.29216124E+01,+4.76229041E+01,+4.84712937E+01,+4.89761951E+01,+4.95207165E+01,+4.85560533E+01,+4.91799272E+01,+5.25448532E+01,+4.93608646E+01
478,06/01/2025 16:59:59.326,+4.40991411E+01,+4.83177031E+01,+4.87483439E+01,+4.93620089E+01,+4.99021126E+01,+4.80080317E+01,+4.95256218E+01,+5.30152303E+01,+4.91027009E+01
479,06/01/2025 17:00:59.326,+4.34119089E+01,+4.81603841E+01,+4.85901832E+01,+4.93001377E+01,+4.98587601E+01,+4.77713628E+01,+4.93904301E+01,+5.25496399E+01,+4.90036732E+01
480,06/01/2025 17:01:59.326,+4.27695682E+01,+4.78030455E+01,+4.85696340E+01,+4.90774640E+01,+4.94942258E+01,+4.84465095E+01,+4.93055034E+01,+5.26740939E+01,+4.89565686E+01
481,06/01/2025 17:02:59.326,+4.31554253E+01,+4.81403291E+01,+4.83719651E+01,+4.90840382E+01,+4.95745072E+01,+4.82155480E+01,+4.88997355E+01,+5.23959967E+01,+4.94631439E+01
482,06/01/2025 17:03:59.326,+4.36562576E+01,+4.81658331E+01,+4.81151796E+01,+4.91926318E+01,+4.98441797E+01,+4.76759391E+01,+4.93783544E+01,+5.27264010E+01,+4.93060102E+01
483,06/01/2025 17:04:59.326,+4.38704216E+01,+4.78584657E+01,+4.85664943E+01,+4.90392501E+01,+4.95278516E+01,+4.83712402E+01,+4.92668574E+01,+5.24110287E+01,+4.92188225E+01
